Freeze Brand,Ear Tag,Breed,Sex,Date Of Birth,Date Of Acquisition,Age when acquired,Purchased From,Date Of Disposal,Disposed Of To,Date Of Death,Manner and Place of Destruction,Location,EID,Age(mths)
2611.0,UK106710402611,HOLSTEIN FRIESIAN,Female,2017-07-24,2018-10-01,1 yrs  3 mths,,,nan,,,CocklePark,982000176126186,45
3087.0,UK107189503087,HOLSTEIN FRIESIAN X,Female,2018-08-24,2018-11-14,0 yrs  3 mths,,2021-04-09,31/377/0042 Nafferton Farm,,,CocklePark,982000176126339,31
3168.0,UK107189203168,HOLSTEIN FRIESIAN,Female,2018-11-25,2019-03-07,0 yrs  4 mths,,,nan,,,CocklePark,982000176126367,29
3185.0,UK107189503185,HOLSTEIN FRIESIAN,Female,2018-12-18,2019-03-07,0 yrs  3 mths,,2021-04-09,31/377/0042 Nafferton Farm,,,CocklePark,982000176126375,28
3174.0,UK107189103174,HOLSTEIN FRIESIAN,Female,2019-03-09,2019-03-27,0 yrs  0 mths,,2021-04-09,31/377/0042 Nafferton Farm,,,CocklePark,982000176126370,25
3196.0,UK107189203196,HOLSTEIN FRIESIAN,Female,2018-12-27,2019-03-27,0 yrs  3 mths,,2021-04-09,31/377/0042 Nafferton Farm,,,CocklePark,982000176126381,27
3213.0,UK107189503213,HOLSTEIN FRIESIAN,Female,2019-01-22,2019-04-30,0 yrs  3 mths,,2021-04-09,31/377/0042 Nafferton Farm,,,CocklePark,982000176126389,26
3215.0,UK107189703215,MONTBELIARDE X,Female,2019-01-26,2019-04-30,0 yrs  3 mths,,,nan,,,CocklePark,982000176308688,27
3232.0,UK107189303232,HOLSTEIN FRIESIAN,Female,2019-02-18,2019-04-30,0 yrs  2 mths,,2021-04-09,31/377/0042 Nafferton Farm,,,CocklePark,982000176126399,26
3235.0,UK107189603235,HOLSTEIN FRIESIAN,Female,2019-02-18,2019-04-30,0 yrs  2 mths,,2021-04-09,31/377/0042 Nafferton Farm,,,CocklePark,982000176126400,26
3229.0,UK107189703229,HOLSTEIN FRIESIAN X,Female,2019-02-17,2019-05-24,0 yrs  3 mths,,2021-04-09,31/377/0042 Nafferton Farm,,,CocklePark,982000176126397,26
3243.0,UK107189703243,HOLSTEIN FRIESIAN,Female,2019-02-27,2019-05-24,0 yrs  3 mths,,2021-04-09,31/377/0042 Nafferton Farm,,,CocklePark,982000176126403,25
3249.0,UK107189603249,HOLSTEIN FRIESIAN,Female,2019-03-09,2019-05-24,0 yrs  2 mths,,2021-04-09,31/377/0042 Nafferton Farm,,,CocklePark,982000176126404,25
3251.0,UK107189103251,HOLSTEIN FRIESIAN,Female,2019-03-12,2019-05-24,0 yrs  2 mths,,2021-04-09,31/377/0042 Nafferton Farm,,,CocklePark,982000176126405,25
3259.0,UK107189203259,HOLSTEIN FRIESIAN,Female,2019-04-17,2019-05-24,0 yrs  1 mths,,2021-04-09,31/377/0042 Nafferton Farm,,,CocklePark,982000176126409,24
3260.0,UK107189303260,HOLSTEIN FRIESIAN,Female,2019-03-17,2019-05-24,0 yrs  2 mths,,2021-04-09,31/377/0042 Nafferton Farm,,,CocklePark,982000176126410,25
3310.0,UK107189403310,HOLSTEIN FRIESIAN,Female,2019-04-13,2019-09-09,0 yrs  5 mths,,,nan,,,CocklePark,0,24
3331.0,UK107189403331,HOLSTEIN FRIESIAN,Female,2019-05-15,2019-09-09,0 yrs  4 mths,,2021-04-09,31/377/0042 Nafferton Farm,,,CocklePark,982000176126413,23
344.0,UK107189303344,HOLSTEIN FRIESIAN,Female,2019-06-15,2019-09-09,0 yrs  3 mths,,2021-04-09,31/377/0042 Nafferton Farm,,,CocklePark,0,22
716.0,UK107189403345,HOLSTEIN FRIESIAN,Female,2019-06-24,2019-09-09,0 yrs  3 mths,,2021-04-09,31/377/0042 Nafferton Farm,,,CocklePark,982000176308678,21
461.0,UK140858600461,Longhorn,Male,2017-05-13,2019-10-11,2 yrs  5 mths,,,nan,,,CocklePark,0,47
,UK140858600468,Longhorn,Male,2018-01-21,2019-10-11,1 yrs  9 mths,,,nan,,,CocklePark,0,39
,UK140858400480,Longhorn,Male,2018-04-07,2019-10-11,1 yrs  6 mths,,,nan,,,CocklePark,0,36
3376.0,UK107189703376,HOLSTEIN FRIESIAN,Female,2019-08-26,2019-12-18,0 yrs  4 mths,Newcastle University,2021-04-09,31/377/0042 Nafferton Farm,,,CocklePark,982000176308675,19
3378.0,UK107189203378,Aberdeen-Angus,Female,2019-09-21,2019-12-18,0 yrs  3 mths,Newcastle University,,nan,,,CocklePark,982000176308702,19
3384.0,UK107189103384,HOLSTEIN FRIESIAN,Female,2019-09-23,2019-12-18,0 yrs  3 mths,Newcastle University,2021-04-09,31/377/0042 Nafferton Farm,,,CocklePark,982000176308709,18
3375.0,UK107189603375,HOLSTEIN FRIESIAN,Female,2019-09-03,2019-12-18,0 yrs  3 mths,Newcastle University,,nan,,,CocklePark,982000176308695,19
3383.0,UK107189703383,HOLSTEIN FRIESIAN,Female,2019-09-23,2019-12-18,0 yrs  3 mths,Newcastle University,2021-04-09,31/377/0042 Nafferton Farm,,,CocklePark,982000176308636,18
3385.0,UK107189203385,BRITISH BLUE,Female,2019-09-23,2019-12-18,0 yrs  3 mths,Newcastle University,2021-04-09,31/377/0042 Nafferton Farm,,,CocklePark,982000176308672,18
698.0,UK107189703278,HOLSTEIN FRIESIAN,Female,2019-03-24,2020-02-24,0 yrs  11 mths,Newcastle University,2021-04-09,31/377/0042 Nafferton Farm,,,CocklePark,982000176308689,24
699.0,UK107189103279,HOLSTEIN FRIESIAN,Female,2019-03-24,2020-02-24,0 yrs  11 mths,Newcastle University,2021-04-09,31/377/0042 Nafferton Farm,,,CocklePark,982000176308643,24
3295.0,UK107189303295,HOLSTEIN FRIESIAN,Female,2019-04-01,2020-02-24,0 yrs  10 mths,Newcastle University,2021-04-09,31/377/0042 Nafferton Farm,,,CocklePark,982000176308656,24
3301.0,UK107189203301,HOLSTEIN FRIESIAN,Female,2019-04-05,2020-02-24,0 yrs  10 mths,Newcastle University,2021-04-09,31/377/0042 Nafferton Farm,,,CocklePark,982000176308646,24
3308.0,UK107189203308,HOLSTEIN FRIESIAN,Female,2019-04-11,2020-02-24,0 yrs  10 mths,Newcastle University,2021-04-09,31/377/0042 Nafferton Farm,,,CocklePark,982000176308661,24
3311.0,UK107189503311,HOLSTEIN FRIESIAN,Female,2019-04-13,2020-02-24,0 yrs  10 mths,Newcastle University,2021-04-09,31/377/0042 Nafferton Farm,,,CocklePark,982000176308633,24
3318.0,UK107189503318,HOLSTEIN FRIESIAN X,Female,2019-04-27,2020-02-24,0 yrs  10 mths,Newcastle University,2021-04-09,31/377/0042 Nafferton Farm,,,CocklePark,982000176308725,23
3321.0,UK107189103321,HOLSTEIN FRIESIAN,Female,2019-05-07,2020-02-24,0 yrs  9 mths,Newcastle University,2021-04-09,31/377/0042 Nafferton Farm,,,CocklePark,982000176308630,23
3325.0,UK107189503325,HOLSTEIN FRIESIAN X,Female,2019-05-08,2020-02-24,0 yrs  9 mths,Newcastle University,2021-04-09,31/377/0042 Nafferton Farm,,,CocklePark,982000176308698,23
3326.0,UK107189603326,HOLSTEIN FRIESIAN,Female,2019-05-09,2020-02-24,0 yrs  9 mths,Newcastle University,2021-04-09,31/377/0042 Nafferton Farm,,,CocklePark,982000176308637,23
3327.0,UK107189703327,Swedish Red X,Female,2019-05-09,2020-02-24,0 yrs  9 mths,Newcastle University,2021-04-09,31/377/0042 Nafferton Farm,,,CocklePark,982000176308640,23
719.0,UK107189203357,HOLSTEIN FRIESIAN,Female,2019-07-17,2020-02-24,0 yrs  7 mths,Newcastle University,2021-04-09,31/377/0042 Nafferton Farm,,,CocklePark,982000176308655,21
720.0,UK107189603361,Holstein,Female,2019-07-24,2020-02-24,0 yrs  7 mths,Newcastle University,2021-04-09,31/377/0042 Nafferton Farm,,,CocklePark,982000176308629,20
721.0,UK107189703362,HOLSTEIN FRIESIAN,Female,2019-07-24,2020-02-24,0 yrs  7 mths,Newcastle University,2021-04-09,31/377/0042 Nafferton Farm,,,CocklePark,982000176308692,20
722.0,UK107189103363,Holstein,Female,2019-07-26,2020-02-24,0 yrs  7 mths,Newcastle University,2021-04-09,31/377/0042 Nafferton Farm,,,CocklePark,982000176308670,20
3364.0,UK107189203364,HOLSTEIN FRIESIAN,Female,2019-08-31,2020-02-24,0 yrs  6 mths,Newcastle University,2021-04-09,31/377/0042 Nafferton Farm,,,CocklePark,982000176308635,19
3366.0,UK107189403366,HOLSTEIN FRIESIAN,Female,2019-08-31,2020-02-24,0 yrs  6 mths,Newcastle University,2021-04-09,31/377/0042 Nafferton Farm,,,CocklePark,982000176308694,19
3367.0,UK107189503367,HOLSTEIN FRIESIAN,Female,2019-08-30,2020-02-24,0 yrs  6 mths,Newcastle University,,nan,,,CocklePark,0,19
3370.0,UK107189103370,HOLSTEIN FRIESIAN,Female,2019-08-27,2020-02-24,0 yrs  6 mths,Newcastle University,,nan,,,CocklePark,982000176308721,20
3381.0,UK107189503381,HOLSTEIN FRIESIAN,Female,2019-09-22,2020-02-24,0 yrs  5 mths,Newcastle University,,nan,,,CocklePark,982000176308696,19
3392.0,UK107189203392,HOLSTEIN FRIESIAN,Female,2019-10-03,2020-02-24,0 yrs  4 mths,Newcastle University,2021-04-09,31/377/0042 Nafferton Farm,,,CocklePark,982000176308713,18
3397.0,UK107189703397,HOLSTEIN FRIESIAN,Female,2019-10-14,2020-02-24,0 yrs  4 mths,Newcastle University,,nan,,,CocklePark,982000176144246,18
3398.0,UK107189103398,HOLSTEIN FRIESIAN,Female,2019-10-14,2020-02-24,0 yrs  4 mths,Newcastle University,2021-04-09,31/377/0042 Nafferton Farm,,,CocklePark,982000176144278,18
,UK107189103405,HOLSTEIN FRIESIAN,Female,2020-01-01,2020-02-24,0 yrs  1 mths,Newcastle University,,nan,,,CocklePark,982000176144280,15
3402.0,UK107189503402,HOLSTEIN FRIESIAN,Female,2019-11-03,2020-02-24,0 yrs  3 mths,Newcastle University,2021-04-09,31/377/0042 Nafferton Farm,,,CocklePark,982000176144239,17
3403.0,UK107189603403,HOLSTEIN FRIESIAN,Female,2019-11-03,2020-02-24,0 yrs  3 mths,Newcastle University,2021-04-09,31/377/0042 Nafferton Farm,,,CocklePark,982000176308648,17
3404.0,UK107189703404,HOLSTEIN FRIESIAN,Female,2019-11-03,2020-02-24,0 yrs  3 mths,Newcastle University,,nan,,,CocklePark,982000176144241,17
3406.0,UK107189203406,Swedish Red X,Female,2019-11-03,2020-02-24,0 yrs  3 mths,Newcastle University,,nan,,,CocklePark,982000176144284,17
3407.0,UK107189303407,HOLSTEIN FRIESIAN,Female,2019-11-03,2020-02-24,0 yrs  3 mths,Newcastle University,2021-04-09,31/377/0042 Nafferton Farm,,,CocklePark,982000176308714,17
,UK107189603473,HOLSTEIN FRIESIAN,Female,2020-01-10,2020-02-24,0 yrs  1 mths,Newcastle University,,nan,,,CocklePark,982000176157039,15
,UK107189103475,Holstein,Female,2019-12-30,2020-02-24,0 yrs  2 mths,Newcastle University,2021-04-09,31/377/0042 Nafferton Farm,,,CocklePark,982000176157041,15
,UK107189403429,HOLSTEIN FRIESIAN,Female,2019-12-28,2020-02-24,0 yrs  2 mths,Newcastle University,,nan,,,CocklePark,982000176144282,15
,UK107189503430,HOLSTEIN FRIESIAN,Female,2019-12-28,2020-02-24,0 yrs  2 mths,Newcastle University,,nan,,,CocklePark,982000176144254,15
,UK107189103419,HOLSTEIN FRIESIAN,Female,2019-12-28,2020-02-24,0 yrs  2 mths,Newcastle University,2021-04-09,31/377/0042 Nafferton Farm,,,CocklePark,982000176144281,15
,UK107189303421,HOLSTEIN FRIESIAN,Female,2019-12-28,2020-02-24,0 yrs  2 mths,Newcastle University,2021-04-09,31/377/0042 Nafferton Farm,,,CocklePark,982000176308631,15
,UK107189403422,HOLSTEIN FRIESIAN,Female,2019-12-29,2020-02-24,0 yrs  2 mths,Newcastle University,,nan,,,CocklePark,982000176144251,15
,UK107189603424,HOLSTEIN FRIESIAN,Female,2019-12-29,2020-02-24,0 yrs  2 mths,Newcastle University,,nan,,,CocklePark,982000176308649,15
,UK107189203427,HOLSTEIN FRIESIAN X,Female,2019-12-30,2020-02-24,0 yrs  2 mths,Newcastle University,2021-04-09,31/377/0042 Nafferton Farm,,,CocklePark,982000176308657,15
,UK107189103426,Swedish Red X,Female,2019-12-30,2020-02-24,0 yrs  2 mths,Newcastle University,,nan,,,CocklePark,982000176308639,15
,UK107189503423,HOLSTEIN FRIESIAN,Female,2019-12-30,2020-02-24,0 yrs  2 mths,Newcastle University,2021-04-09,31/377/0042 Nafferton Farm,,,CocklePark,982000176308662,15
,UK107189203434,Holstein,Female,2019-12-30,2020-02-24,0 yrs  2 mths,Newcastle University,,nan,,,CocklePark,982000176308708,15
,UK107189203476,HOLSTEIN FRIESIAN,Female,2020-01-01,2020-02-24,0 yrs  1 mths,Newcastle University,2021-04-09,31/377/0042 Nafferton Farm,,,CocklePark,982000176157042,15
,UK107189103433,HOLSTEIN FRIESIAN,Female,2020-01-01,2020-02-24,0 yrs  1 mths,Newcastle University,,nan,,,CocklePark,982000176308704,15
,UK107189303435,HOLSTEIN FRIESIAN,Female,2020-01-01,2020-02-24,0 yrs  1 mths,Newcastle University,,nan,,,CocklePark,982000176308628,15
,UK107189603431,HOLSTEIN X,Female,2020-01-01,2020-02-24,0 yrs  1 mths,Newcastle University,,nan,,,CocklePark,982000176308681,15
3369.0,UK107189703369,HOLSTEIN FRIESIAN,Female,2019-08-27,2020-02-24,0 yrs  6 mths,Newcastle University,2021-04-09,31/377/0042 Nafferton Farm,,,CocklePark,0,19
3373.0,UK107189403373,HOLSTEIN FRIESIAN,Female,2019-09-01,2020-02-24,0 yrs  5 mths,Newcastle University,2021-04-09,31/377/0042 Nafferton Farm,,,CocklePark,982000176308653,19
3400.0,UK107189303400,HOLSTEIN FRIESIAN,Female,2019-10-15,2020-02-24,0 yrs  4 mths,Newcastle University,,nan,,,CocklePark,0,18
,UK107189203462,HOLSTEIN FRIESIAN,Female,2020-01-02,2020-05-13,0 yrs  4 mths,Newcastle University,,nan,,,CocklePark,982000176157028,15
,UK107189103454,HOLSTEIN FRIESIAN,Female,2020-01-01,2020-05-13,0 yrs  4 mths,Newcastle University,,nan,,,CocklePark,982000176157020,15
,UK107189603480,HOLSTEIN FRIESIAN,Female,2020-01-25,2020-05-13,0 yrs  4 mths,Newcastle University,,nan,,,CocklePark,982000176157046,15
,UK107189603487,HOLSTEIN FRIESIAN,Female,2020-03-03,2020-05-13,0 yrs  2 mths,Newcastle University,,nan,,,CocklePark,982000176157053,13
,UK107189303477,HOLSTEIN FRIESIAN X,Female,2020-01-12,2020-05-13,0 yrs  4 mths,Newcastle University,,nan,,,CocklePark,982000176157043,15
,UK107189703467,HOLSTEIN FRIESIAN,Female,2020-01-05,2020-05-13,0 yrs  4 mths,Newcastle University,,nan,,,CocklePark,982000176157033,15
,UK107189303484,Swedish Red X,Female,2020-02-07,2020-05-13,0 yrs  3 mths,Newcastle University,,nan,,,CocklePark,982000176157050,14
,UK107189603466,HOLSTEIN FRIESIAN,Female,2020-01-05,2020-05-13,0 yrs  4 mths,Newcastle University,,nan,,,CocklePark,982000176157032,15
,UK107189203469,Swedish Red X,Female,2020-01-06,2020-05-13,0 yrs  4 mths,Newcastle University,,nan,,,CocklePark,982000176157035,15
,UK107189503486,HOLSTEIN FRIESIAN,Female,2020-02-24,2020-05-13,0 yrs  3 mths,Newcastle University,,nan,,,CocklePark,982000176157052,14
,UK107189403478,HOLSTEIN FRIESIAN,Female,2020-01-21,2020-05-13,0 yrs  4 mths,Newcastle University,,nan,,,CocklePark,982000176157044,15
,UK107189403471,HOLSTEIN FRIESIAN,Female,2020-01-07,2020-05-13,0 yrs  4 mths,Newcastle University,,nan,,,CocklePark,982000176157037,15
,UK107189503409,HOLSTEIN FRIESIAN,Bull,2019-11-03,2020-05-13,0 yrs  6 mths,Newcastle University,2021-04-09,31/377/0042 Nafferton Farm,,,CocklePark,0,17
,UK107189203490,HOLSTEIN FRIESIAN,Female,2020-03-03,2020-05-13,0 yrs  2 mths,Newcastle University,,nan,,,CocklePark,982000176157056,13
,UK107189503507,HOLSTEIN FRIESIAN,Female,2020-04-12,2020-05-13,0 yrs  1 mths,Newcastle University,,nan,,,CocklePark,982000176157073,12
,UK107189303491,HOLSTEIN FRIESIAN,Female,2020-03-02,2020-05-13,0 yrs  2 mths,Newcastle University,,nan,,,CocklePark,982000176157057,13
,UK107189503493,HOLSTEIN FRIESIAN,Female,2020-04-10,2020-05-13,0 yrs  1 mths,Newcastle University,,nan,,,CocklePark,982000176157059,12
3414.0,UK107189303414,HOLSTEIN FRIESIAN,Female,2019-11-15,2020-05-14,0 yrs  6 mths,Newcastle University,,nan,,,CocklePark,982000176308673,17
,UK107189703432,Swedish Red X,Female,2019-12-29,2020-05-14,0 yrs  5 mths,Newcastle University,,nan,,,CocklePark,0,15
3411.0,UK107189703411,HOLSTEIN FRIESIAN,Female,2019-11-28,2020-06-22,0 yrs  7 mths,Newcastle University,,nan,,,CocklePark,982000176308666,16
,UK107189203455,HOLSTEIN FRIESIAN X,Female,2020-01-02,2020-06-22,0 yrs  5 mths,Newcastle University,2021-04-09,31/377/0042 Nafferton Farm,,,CocklePark,982000176157021,15
,UK107189203497,HOLSTEIN FRIESIAN,Female,2020-04-02,2021-02-16,0 yrs  10 mths,Newcastle University,,nan,,,CocklePark,982000176157063,12
,UK107189203595,LONGHORN X,Female,2020-11-10,2021-02-16,0 yrs  3 mths,Newcastle University,,nan,,,CocklePark,982000176157161,5
,UK107189303519,HOLSTEIN FRIESIAN,Female,2020-04-10,2021-02-16,0 yrs  10 mths,Newcastle University,,nan,,,CocklePark,982000176157085,12
,UK107189303533,HOLSTEIN FRIESIAN,Female,2020-04-24,2021-02-16,0 yrs  10 mths,Newcastle University,,nan,,,CocklePark,982000176157099,12
,UK107189303589,BRITISH BLUE X,Bull,2020-11-05,2021-02-16,0 yrs  3 mths,Newcastle University,,nan,,,CocklePark,982000176157155,5
,UK107189303596,BRITISH FRIESIAN X,Bull,2020-11-15,2021-02-16,0 yrs  3 mths,Newcastle University,,nan,,,CocklePark,982000176157162,5
,UK 107189 303624,ABERDEEN ANGUS X,Bull,2020-07-18,2021-02-16,0 yrs  7 mths,Newcastle University,,nan,,,CocklePark,982000176157190,9
,UK107189403527,HOLSTEIN FRIESIAN,Female,2020-04-10,2021-02-16,0 yrs  10 mths,Newcastle University,,nan,,,CocklePark,982000176157093,12
,UK107189403590,LONGHORN X,Female,2020-11-10,2021-02-16,0 yrs  3 mths,Newcastle University,,nan,,,CocklePark,982000176157156,5
,UK107189403597,LONGHORN X,Female,2020-11-15,2021-02-16,0 yrs  3 mths,Newcastle University,,nan,,,CocklePark,982000176157163,5
,UK107189503584,LONGHORN X,Bull,2020-11-06,2021-02-16,0 yrs  3 mths,Newcastle University,,nan,,,CocklePark,982000176157150,5
,UK107189603515,HOLSTEIN FRIESIAN,Female,2020-04-15,2021-02-16,0 yrs  10 mths,Newcastle University,,nan,,,CocklePark,982000176157081,12
,UK107189603585,LONGHORN X,Female,2020-11-06,2021-02-16,0 yrs  3 mths,Newcastle University,,nan,,,CocklePark,982000176157151,5
,UK107189603592,LONGHORN X,Bull,2020-11-10,2021-02-16,0 yrs  3 mths,Newcastle University,,nan,,,CocklePark,982000176157158,5
,UK107189603676,LONGHORN X,Female,2020-09-20,2021-02-16,0 yrs  5 mths,Newcastle University,,nan,,,CocklePark,982000176157242,7
,UK107189403681,LONGHORN X,Bull,2020-10-01,2021-02-16,0 yrs  4 mths,Newcastle University,,nan,,,CocklePark,982000176157247,6
,UK107189403688,LONGHORN X,Bull,2020-10-07,2021-02-16,0 yrs  4 mths,Newcastle University,,nan,,,CocklePark,982000176157254,6
,UK107189503570,LONGHORN X,Bull,2020-10-27,2021-02-16,0 yrs  4 mths,Newcastle University,,nan,,,CocklePark,982000176157136,5
,UK107189503577,LONGHORN X,Female,2020-11-01,2021-02-16,0 yrs  3 mths,Newcastle University,,nan,,,CocklePark,982000176157143,5
,UK107189503633,LONGHORN X,Female,2020-08-25,2021-02-16,0 yrs  6 mths,Newcastle University,,nan,,,CocklePark,982000176157199,7
,UK107189503640,LONGHORN X,Female,2020-08-30,2021-02-16,0 yrs  6 mths,Newcastle University,,nan,,,CocklePark,982000176157206,7
,UK107189503682,LONGHORN X,Female,2020-10-01,2021-02-16,0 yrs  4 mths,Newcastle University,,nan,,,CocklePark,982000176157248,6
,UK107189503689,LONGHORN X,Female,2020-10-07,2021-02-16,0 yrs  4 mths,Newcastle University,,nan,,,CocklePark,982000176157255,6
,UK107189603557,ABERDEEN ANGUS X,Female,2020-08-14,2021-02-16,0 yrs  6 mths,Newcastle University,,nan,,,CocklePark,982000176157123,8
,UK107189603571,LONGHORN X,Bull,2020-10-27,2021-02-16,0 yrs  4 mths,Newcastle University,,nan,,,CocklePark,982000176157137,5
,UK107189603578,LONGHORN X,Female,2020-10-30,2021-02-16,0 yrs  4 mths,Newcastle University,,nan,,,CocklePark,982000176157144,5
,UK107189603641,Shorthorn,Bull,2020-08-30,2021-02-16,0 yrs  6 mths,Newcastle University,,nan,,,CocklePark,982000176157207,7
,UK107189603655,LONGHORN X,Female,2020-09-03,2021-02-16,0 yrs  5 mths,Newcastle University,,nan,,,CocklePark,982000176157221,7
,UK107189603683,LONGHORN X,Female,2020-10-01,2021-02-16,0 yrs  4 mths,Newcastle University,,nan,,,CocklePark,982000176157249,6
,UK107189703558,Longhorn,Female,2020-08-23,2021-02-16,0 yrs  6 mths,Newcastle University,,nan,,,CocklePark,982000176157124,8
,UK107189703572,ABERDEEN ANGUS X,Female,2020-10-30,2021-02-16,0 yrs  4 mths,Newcastle University,,nan,,,CocklePark,982000176157138,5
,UK107189703579,LONGHORN X,Bull,2020-10-30,2021-02-16,0 yrs  4 mths,Newcastle University,,nan,,,CocklePark,982000176157145,5
,UK107189703635,LONGHORN X,Bull,2020-08-27,2021-02-16,0 yrs  6 mths,Newcastle University,,nan,,,CocklePark,982000176157201,7
,UK107189703642,ABERDEEN ANGUS X,Female,2020-08-31,2021-02-16,0 yrs  6 mths,Newcastle University,,nan,,,CocklePark,982000176157208,7
,UK107189703663,LONGHORN X,Female,2020-09-13,2021-02-16,0 yrs  5 mths,Newcastle University,,nan,,,CocklePark,982000176157229,7
,UK107189703677,LONGHORN X,Female,2020-09-20,2021-02-16,0 yrs  5 mths,Newcastle University,,nan,,,CocklePark,982000176157243,7
,UK107189703684,LONGHORN X,Bull,2020-10-02,2021-02-16,0 yrs  4 mths,Newcastle University,,nan,,,CocklePark,982000176157250,6
,UK107189703691,LONGHORN X,Female,2020-10-07,2021-02-16,0 yrs  4 mths,Newcastle University,,nan,,,CocklePark,982000176157257,6
,UK107189203679,LONGHORN X,Female,2020-10-01,2021-02-16,0 yrs  4 mths,Newcastle University,,nan,,,CocklePark,982000176157245,6
,UK107189303568,ABERDEEN ANGUS X,Female,2020-10-27,2021-02-16,0 yrs  4 mths,Newcastle University,,nan,,,CocklePark,982000176157134,5
,UK107189303575,LONGHORN X,Bull,2020-11-01,2021-02-16,0 yrs  3 mths,Newcastle University,,nan,,,CocklePark,982000176157141,5
,UK107189303582,LONGHORN X,Bull,2020-11-02,2021-02-16,0 yrs  3 mths,Newcastle University,,nan,,,CocklePark,982000176157148,5
,UK107189303631,LONGHORN X,Female,2020-08-25,2021-02-16,0 yrs  6 mths,Newcastle University,,nan,,,CocklePark,982000176157197,7
,UK107189303638,LONGHORN X,Female,2020-08-27,2021-02-16,0 yrs  6 mths,Newcastle University,,nan,,,CocklePark,982000176157204,7
,UK107189303645,Shorthorn,Bull,2020-08-31,2021-02-16,0 yrs  6 mths,Newcastle University,,nan,,,CocklePark,982000176157211,7
,UK107189303652,LONGHORN X,Bull,2020-09-02,2021-02-16,0 yrs  5 mths,Newcastle University,,nan,,,CocklePark,982000176157218,7
,UK107189303659,LONGHORN X,Female,2020-09-04,2021-02-16,0 yrs  5 mths,Newcastle University,,nan,,,CocklePark,0,7
,UK107189303673,LONGHORN X,Female,2020-09-19,2021-02-16,0 yrs  5 mths,Newcastle University,,nan,,,CocklePark,982000176157239,7
,UK107189303680,DAIRY SHORTHORN X,Bull,2020-10-01,2021-02-16,0 yrs  4 mths,Newcastle University,,nan,,,CocklePark,982000176157246,6
,UK107189303687,HOLSTEIN FRIESIAN,Female,2020-10-07,2021-02-16,0 yrs  4 mths,Newcastle University,,nan,,,CocklePark,982000176157253,6
,UK107189403576,LONGHORN X,Bull,2020-11-01,2021-02-16,0 yrs  3 mths,Newcastle University,,nan,,,CocklePark,982000176157142,5
,UK107189403625,LONGHORN X,Bull,2020-08-05,2021-02-16,0 yrs  6 mths,Newcastle University,,nan,,,CocklePark,982000176157191,8
,UK107189403632,LONGHORN X,Female,2020-08-25,2021-02-16,0 yrs  6 mths,Newcastle University,,nan,,,CocklePark,982000176157198,7
,UK107189403646,LONGHORN X,Bull,2020-08-31,2021-02-16,0 yrs  6 mths,Newcastle University,,nan,,,CocklePark,982000176157212,7
,UK107189403653,LONGHORN X,Female,2020-09-02,2021-02-16,0 yrs  5 mths,Newcastle University,,nan,,,CocklePark,982000176157219,7
,UK107189403660,LONGHORN X,Female,2020-09-04,2021-02-16,0 yrs  5 mths,Newcastle University,,nan,,,CocklePark,982000176157226,7
,UK107189403674,LONGHORN X,Bull,2020-09-19,2021-02-16,0 yrs  5 mths,Newcastle University,,nan,,,CocklePark,982000176157240,7
,UK107189103559,LONGHORN X,Female,2020-08-23,2021-02-16,0 yrs  6 mths,Newcastle University,,nan,,,CocklePark,982000176157125,8
,UK107189103566,LONGHORN X,Bull,2020-10-27,2021-02-16,0 yrs  4 mths,Newcastle University,,nan,,,CocklePark,982000176157132,5
,UK107189103573,ABERDEEN ANGUS X,Bull,2020-10-30,2021-02-16,0 yrs  4 mths,Newcastle University,,nan,,,CocklePark,982000176157139,5
,UK107189103580,LONGHORN X,Female,2020-10-30,2021-02-16,0 yrs  4 mths,Newcastle University,,nan,,,CocklePark,982000176157146,5
,UK107189103629,LONGHORN X,Bull,2020-08-24,2021-02-16,0 yrs  6 mths,Newcastle University,,nan,,,CocklePark,982000176157195,7
,UK107189103636,LONGHORN X,Female,2020-08-27,2021-02-16,0 yrs  6 mths,Newcastle University,,nan,,,CocklePark,982000176157202,7
,UK107189103643,LONGHORN X,Bull,2020-08-31,2021-02-16,0 yrs  6 mths,Newcastle University,,nan,,,CocklePark,982000176157209,7
,UK107189103657,LONGHORN X,Female,2020-09-03,2021-02-16,0 yrs  5 mths,Newcastle University,,nan,,,CocklePark,982000176157223,7
,UK107189103671,LONGHORN X,Bull,2020-09-13,2021-02-16,0 yrs  5 mths,Newcastle University,,nan,,,CocklePark,982000176157237,7
,UK107189103685,LONGHORN X,Bull,2020-10-02,2021-02-16,0 yrs  4 mths,Newcastle University,,nan,,,CocklePark,982000176157251,6
,UK107189203560,LONGHORN X,Female,2020-08-24,2021-02-16,0 yrs  6 mths,Newcastle University,,nan,,,CocklePark,982000176157126,7
,UK107189203581,LONGHORN X,Female,2020-10-30,2021-02-16,0 yrs  4 mths,Newcastle University,,nan,,,CocklePark,982000176157147,5
,UK107189203630,LONGHORN X,Female,2020-08-24,2021-02-16,0 yrs  6 mths,Newcastle University,,nan,,,CocklePark,982000176157196,7
,UK107189203637,LONGHORN X,Bull,2020-08-27,2021-02-16,0 yrs  6 mths,Newcastle University,,nan,,,CocklePark,982000176157203,7
,UK107189203644,LONGHORN X,Bull,2020-08-27,2021-02-16,0 yrs  6 mths,Newcastle University,,nan,,,CocklePark,982000176157210,7
,UK107189203672,LONGHORN X,Female,2020-09-19,2021-02-16,0 yrs  5 mths,Newcastle University,,nan,,,CocklePark,982000176157238,7
287.0,UK107189101452,HOLSTEIN FRIESIAN,Female,2010-04-04,2011-04-05,,,,nan,,,Nafferton,0,134
4.0,UK107189401679,HOLSTEIN FRIESIAN,Female,2011-07-11,2013-05-02,,,,nan,,,Nafferton,982000176072181,119
148.0,UK107189102026,HOLSTEIN FRIESIAN X,Female,2013-06-10,2013-06-10,,,,nan,,,Nafferton,982000176144143,95
126.0,UK107189502114,HOLSTEIN FRIESIAN,Female,2013-11-30,2013-11-30,,,,nan,,,Nafferton,982000176308706,89
30.0,UK107189102138,HOLSTEIN FRIESIAN,Female,2014-01-16,2014-01-16,,,,nan,,,Nafferton,982000176144291,88
110.0,UK107189102145,HOLSTEIN FRIESIAN,Female,2014-01-26,2014-01-26,,,,nan,,,Nafferton,982000176144117,88
46.0,UK107189402183,HOLSTEIN FRIESIAN,Female,2014-04-16,2014-04-16,,,,nan,,,Nafferton,982000176144150,85
463.0,UK107189101795,HOLSTEIN FRIESIAN,Female,2012-02-29,2014-04-30,,,,nan,,,Nafferton,982000176072109,111
54.0,UK107189301811,Holstein,Female,2012-03-29,2014-04-30,,,,nan,,,Nafferton,982000176144325,110
112.0,UK107189401840,HOLSTEIN FRIESIAN,Female,2012-05-29,2014-04-30,,,,nan,,,Nafferton,982000176144221,108
186.0,UK107189602199,HOLSTEIN FRIESIAN,Female,2014-05-26,2014-05-26,,,,nan,,,Nafferton,982000176144044,84
50.0,UK107189102243,HOLSTEIN FRIESIAN,Female,2014-09-07,2014-09-07,,,,nan,,,Nafferton,982000176144069,80
243.0,UK107189702291,HOLSTEIN FRIESIAN,Female,2014-10-17,2014-10-17,,,,nan,,,Nafferton,0,79
210.0,UK107189302035,HOLSTEIN FRIESIAN,Female,2013-06-29,2015-04-28,,,,nan,,,Nafferton,982000176144298,95
278.0,UK107189702060,HOLSTEIN FRIESIAN,Female,2013-08-24,2015-04-28,,,,nan,,,Nafferton,982000176144105,93
471.0,UK107189202076,HOLSTEIN FRIESIAN,Female,2013-10-03,2015-04-28,,,,nan,,,Nafferton,982000176144067,91
135.0,UK107189402127,HOLSTEIN FRIESIAN,Female,2013-12-16,2015-04-28,,,,nan,,,Nafferton,982000176071939,89
322.0,UK107189102460,HOLSTEIN FRIESIAN X,Female,2015-10-22,2015-10-22,,,,nan,,,Nafferton,982000176144272,66
340.0,UK107189602486,HOLSTEIN FRIESIAN,Female,2015-11-15,2015-11-15,,,,nan,,,Nafferton,982000176144085,66
342.0,UK107189102488,Swedish Red X,Female,2015-11-15,2015-11-15,,,,nan,,,Nafferton,982000176144224,66
353.0,UK107189702508,Swedish Red X,Female,2015-12-07,2015-12-07,,,,nan,,,Nafferton,982000176144126,65
55.0,UK107189702536,HOLSTEIN FRIESIAN,Female,2016-01-18,2016-01-18,,,,nan,,,Nafferton,982000176144102,63
393.0,UK107189202538,HOLSTEIN FRIESIAN,Female,2016-01-22,2016-01-22,,,,nan,,,Nafferton,982000176072155,63
140.0,UK107189602178,HOLSTEIN FRIESIAN,Female,2014-04-07,2016-04-25,,,,nan,,,Nafferton,982000176144159,85
36.0,UK107189102215,HOLSTEIN FRIESIAN,Female,2014-07-09,2016-04-25,,,,nan,,,Nafferton,982000176144202,82
40.0,UK107189202244,HOLSTEIN FRIESIAN,Female,2014-09-10,2016-04-25,,,,nan,,,Nafferton,982000176144212,80
266.0,UK107189602248,HOLSTEIN FRIESIAN,Female,2014-09-14,2016-04-25,,,,nan,,,Nafferton,982000176144086,80
290.0,UK107189702305,HOLSTEIN FRIESIAN,Female,2014-11-15,2016-04-25,,,,nan,,,Nafferton,982000176144216,78
310.0,UK107189402323,HOLSTEIN FRIESIAN,Female,2014-12-18,2016-04-25,,,,nan,,,Nafferton,982000176144303,77
523.0,UK107189102761,BRITISH FRIESIAN X,Female,2017-02-09,2017-02-09,,,,nan,,,Nafferton,982000176144300,51
60.0,UK107189202279,HOLSTEIN FRIESIAN,Female,2015-07-06,2017-04-28,,,,nan,,,Nafferton,982000176144049,70
223.0,UK107189202314,Swedish Red X,Female,2014-12-09,2017-04-28,,,,nan,,,Nafferton,982000176144059,77
308.0,UK107189702319,HOLSTEIN FRIESIAN,Female,2014-12-14,2017-04-28,,,,nan,,,Nafferton,982000176144074,77
31.0,UK107189502338,HOLSTEIN FRIESIAN,Female,2015-01-19,2017-04-28,,,,nan,,,Nafferton,982000176144107,76
99.0,UK107189102362,HOLSTEIN FRIESIAN,Female,2015-03-11,2017-04-28,,,,nan,,,Nafferton,982000176072230,74
167.0,UK107189202384,HOLSTEIN FRIESIAN,Female,2015-05-01,2017-04-28,,,,nan,,,Nafferton,982000176144065,72
294.0,UK107189402393,HOLSTEIN FRIESIAN X,Female,2015-05-16,2017-04-28,,,,nan,,,Nafferton,982000176144149,72
214.0,UK107189502401,HOLSTEIN FRIESIAN,Female,2015-07-01,2017-04-28,,,,nan,,,Nafferton,982000176072190,70
111.0,UK107189202426,HOLSTEIN FRIESIAN,Female,2015-09-02,2017-04-28,,,,nan,,,Nafferton,982000176144184,68
138.0,UK107189602430,HOLSTEIN FRIESIAN,Female,2015-09-06,2017-04-28,,,,nan,,,Nafferton,982000176144055,68
146.0,UK107189202433,HOLSTEIN FRIESIAN,Female,2015-09-07,2017-04-28,,,,nan,,,Nafferton,982000176072010,68
176.0,UK107189502436,HOLSTEIN FRIESIAN,Female,2015-09-11,2017-04-28,,,,nan,,,Nafferton,982000176144053,68
208.0,UK107189202440,SWEDISH RED n WHITE X,Female,2015-09-17,2017-04-28,,,,nan,,,Nafferton,982000176144043,68
321.0,UK107189702459,HOLSTEIN FRIESIAN,Female,2015-10-18,2017-04-28,,,,nan,,,Nafferton,982000176144047,67
329.0,UK107189402470,HOLSTEIN FRIESIAN,Female,2015-11-05,2017-04-28,,,,nan,,,Nafferton,982000176144054,66
338.0,UK107189302483,Swedish Red X,Female,2015-11-11,2017-04-28,,,,nan,,,Nafferton,982000176144235,66
352.0,UK107189502506,Swedish Red X,Female,2015-12-03,2017-04-28,,,,nan,,,Nafferton,982000176144120,65
34.0,UK106710302134,HOLSTEIN FRIESIAN,Female,2014-12-09,2018-06-15,,,,nan,,,Nafferton,0,77
203.0,UK106710102202,HOLSTEIN FRIESIAN,Female,2015-04-17,2018-06-15,,,,nan,2021-04-16,,Nafferton,0,73
8324.0,UK106710402324,HOLSTEIN FRIESIAN,Female,2016-02-08,2018-06-15,,,,nan,,,Nafferton,982000176144056,63
349.0,UK106710102349,HOLSTEIN FRIESIAN,Female,2016-03-18,2018-06-15,,,,nan,,,Nafferton,982000176144318,61
355.0,UK106710702355,HOLSTEIN FRIESIAN,Female,2016-03-27,2018-06-15,,,,nan,,,Nafferton,982000176144132,61
358.0,UK106710302358,HOLSTEIN FRIESIAN,Female,2016-04-04,2018-06-15,,,,nan,,,Nafferton,982000176144094,61
361.0,UK106710602361,HOLSTEIN FRIESIAN,Female,2016-04-06,2018-06-15,,,,nan,,,Nafferton,982000175376950,61
362.0,UK106710702362,HOLSTEIN FRIESIAN,Female,2016-04-07,2018-06-15,,,,nan,,,Nafferton,982000176144229,61
991.0,UK106710701991,HOLSTEIN FRIESIAN,Female,2013-12-21,2018-07-06,,,,nan,,,Nafferton,982000176144045,89
65.0,UK106710402065,HOLSTEIN FRIESIAN,Female,2014-05-25,2018-07-06,,,,nan,,,Nafferton,982000176144127,84
22.0,UK106710202119,HOLSTEIN FRIESIAN,Female,2014-10-26,2018-07-06,,,,nan,,,Nafferton,0,78
8304.0,UK106710201853,HOLSTEIN FRIESIAN,Female,2013-01-22,2018-07-12,,,,nan,,,Nafferton,982000176144104,100
903.0,UK106710301903,HOLSTEIN FRIESIAN,Female,2013-06-30,2018-07-12,,,,nan,,,Nafferton,982000176144168,95
913.0,UK106710601913,HOLSTEIN FRIESIAN,Female,2013-07-17,2018-07-12,,,,nan,,,Nafferton,982000176071946,94
922.0,UK106710101922,HOLSTEIN FRIESIAN,Female,2013-07-27,2018-07-12,,,,nan,,,Nafferton,982000176144156,94
977.0,UK106710701977,HOLSTEIN FRIESIAN,Female,2013-11-18,2018-07-12,,,,nan,,,Nafferton,982000176144161,90
978.0,UK106710101978,HOLSTEIN FRIESIAN,Female,2013-11-25,2018-07-12,,,,nan,,,Nafferton,982000176144131,90
987.0,UK106710301987,HOLSTEIN FRIESIAN,Female,2013-12-09,2018-07-12,,,,nan,,,Nafferton,982000176144205,89
990.0,UK106710601990,HOLSTEIN FRIESIAN,Female,2013-12-20,2018-07-12,,,,nan,,,Nafferton,982000176144154,89
829.0,UK106710302029,HOLSTEIN FRIESIAN,Female,2014-03-18,2018-07-12,,,,nan,,,Nafferton,982000176144206,86
79.0,UK106710402079,HOLSTEIN FRIESIAN,Female,2014-07-10,2018-07-12,,,,nan,,,Nafferton,982000176144177,82
8107.0,UK106710402107,HOLSTEIN FRIESIAN,Female,2014-10-04,2018-07-12,,,,nan,,,Nafferton,982000176144288,79
838.0,UK106710702138,HOLSTEIN FRIESIAN,Female,2014-12-27,2018-07-12,,,,nan,,,Nafferton,982000176144070,76
86.0,UK106710402142,HOLSTEIN FRIESIAN,Female,2015-01-06,2018-07-12,,,,nan,,,Nafferton,982000176144324,76
61.0,UK106710102160,HOLSTEIN FRIESIAN,Female,2015-02-14,2018-07-12,,,,nan,,,Nafferton,982000176144042,75
181.0,UK106710102181,HOLSTEIN FRIESIAN,Female,2015-03-21,2018-07-12,,,,nan,,,Nafferton,982000176144123,74
220.0,UK106710502220,HOLSTEIN FRIESIAN,Female,2015-06-01,2018-07-12,,,,nan,,,Nafferton,982000176144097,71
8225.0,UK106710302225,HOLSTEIN FRIESIAN,Female,2015-06-09,2018-07-12,,,,nan,,,Nafferton,982000176144128,71
240.0,UK106710402240,HOLSTEIN FRIESIAN,Female,2015-07-16,2018-07-12,,,,nan,,,Nafferton,982000176144314,70
256.0,UK106710602256,HOLSTEIN FRIESIAN,Female,2015-09-14,2018-07-12,,,,nan,,,Nafferton,982000176144172,68
269.0,UK106710502269,HOLSTEIN FRIESIAN,Female,2015-10-24,2018-07-12,,,,nan,,,Nafferton,982000176144144,66
8278.0,UK106710702278,HOLSTEIN FRIESIAN,Female,2015-11-10,2018-07-12,,,,nan,,,Nafferton,982000176144191,66
300.0,UK106710102300,HOLSTEIN FRIESIAN,Female,2015-12-27,2018-07-12,,,,nan,,,Nafferton,982000176144219,64
370.0,UK106710102370,HOLSTEIN FRIESIAN,Female,2016-04-21,2018-07-12,,,,nan,,,Nafferton,982000176144193,60
221.0,UK106710401799,HOLSTEIN FRIESIAN,Female,2012-08-20,2018-07-13,,,,nan,,,Nafferton,982000176144305,105
305.0,UK106710301854,HOLSTEIN FRIESIAN,Female,2013-01-23,2018-07-13,,,,nan,,,Nafferton,982000176144258,100
891.0,UK106710501891,HOLSTEIN FRIESIAN,Female,2013-05-07,2018-07-13,,,,nan,,,Nafferton,982000176144057,96
897.0,UK106710401897,HOLSTEIN FRIESIAN,Female,2013-06-16,2018-07-13,,,,nan,,,Nafferton,982000176144336,95
69.0,UK106710102069,HOLSTEIN FRIESIAN,Female,2014-06-07,2018-07-13,,,,nan,,,Nafferton,982000176144182,83
90.0,UK106710102090,HOLSTEIN FRIESIAN,Female,2014-08-24,2018-07-13,,,,nan,,,Nafferton,982000176144164,81
125.0,UK106710102125,HOLSTEIN FRIESIAN,Female,2014-11-06,2018-07-13,,,,nan,,,Nafferton,982000176144060,78
831.0,UK106710702131,HOLSTEIN FRIESIAN,Female,2014-11-29,2018-07-13,,,,nan,,,Nafferton,982000176144114,77
139.0,UK106710102139,HOLSTEIN FRIESIAN,Female,2014-12-29,2018-07-13,,,,nan,,,Nafferton,982000176144218,76
8141.0,UK106710302141,HOLSTEIN FRIESIAN,Female,2015-01-04,2018-07-13,,,,nan,,,Nafferton,982000176144227,76
8144.0,UK106710602144,HOLSTEIN FRIESIAN,Female,2015-01-09,2018-07-13,,,,nan,,,Nafferton,982000176072130,76
14.0,UK106710202147,HOLSTEIN FRIESIAN,Female,2015-01-13,2018-07-13,,,,nan,,,Nafferton,982000176144264,76
8180.0,UK106710702180,HOLSTEIN FRIESIAN,Female,2015-03-19,2018-07-13,,,,nan,,,Nafferton,982000176144068,74
8229.0,UK106710702229,HOLSTEIN FRIESIAN,Female,2015-06-22,2018-07-13,,,,nan,,,Nafferton,982000176144039,70
263.0,UK106710602263,HOLSTEIN FRIESIAN,Female,2015-09-27,2018-07-13,,,,nan,,,Nafferton,982000176144201,67
8267.0,UK106710302267,HOLSTEIN FRIESIAN,Female,2015-10-12,2018-07-13,,,,nan,,,Nafferton,982000176144194,67
275.0,UK106710402275,HOLSTEIN FRIESIAN,Female,2015-11-07,2018-07-13,,,,nan,,,Nafferton,982000176144115,66
306.0,UK106710702306,HOLSTEIN FRIESIAN,Female,2016-01-11,2018-07-13,,,,nan,,,Nafferton,982000176144058,64
8315.0,UK106710202315,HOLSTEIN FRIESIAN,Female,2016-01-26,2018-07-13,,,,nan,,,Nafferton,982000176144213,63
15.0,UK106710302323,HOLSTEIN FRIESIAN,Female,2016-02-07,2018-08-07,,,,nan,,,Nafferton,0,63
327.0,UK107189202468,Swedish Red X,Female,2015-11-04,2018-09-28,,,,nan,,,Nafferton,982000176144040,66
343.0,UK107189302490,HOLSTEIN FRIESIAN,Female,2015-11-18,2018-09-28,,,,nan,,,Nafferton,982000176144317,66
350.0,UK107189602500,Swedish Red X,Female,2015-11-26,2018-09-28,,,,nan,,,Nafferton,982000176144076,65
8358.0,UK107189702515,Swedish Red X,Female,2015-12-13,2018-09-28,,,,nan,,,Nafferton,982000176071934,65
281.0,UK107189102558,HOLSTEIN FRIESIAN,Female,2016-02-23,2018-09-28,,,,nan,,,Nafferton,982000176144174,62
557.0,UK107189602619,HOLSTEIN FRIESIAN,Female,2016-07-18,2018-09-28,,,,nan,,,Nafferton,982000176144225,57
11.0,UK107189702641,HOLSTEIN FRIESIAN,Female,2016-09-03,2018-09-28,,,,nan,,,Nafferton,982000176144296,56
513.0,UK107189202566,HOLSTEIN FRIESIAN,Female,2016-03-05,2018-10-29,,,,nan,,,Nafferton,982000176144309,62
917.0,UK106710301917,HOLSTEIN FRIESIAN,Female,2013-07-23,2018-10-30,,,,nan,,,Nafferton,982000176072129,94
328.0,UK107189302469,HOLSTEIN FRIESIAN,Female,2015-11-05,2018-11-06,,,,nan,,,Nafferton,982000176144122,66
505.0,UK107189602535,HOLSTEIN FRIESIAN,Female,2016-01-17,2018-11-06,,,,nan,,,Nafferton,982000176144195,64
508.0,UK107189102600,HOLSTEIN FRIESIAN,Female,2016-05-23,2018-11-06,,,,nan,,,Nafferton,982000176144196,59
509.0,UK107189202622,HOLSTEIN FRIESIAN,Female,2016-07-24,2018-11-06,,,,nan,,,Nafferton,0,57
504.0,UK107189602626,HOLSTEIN FRIESIAN,Female,2016-08-03,2018-11-06,,,,nan,,,Nafferton,982000176144048,57
503.0,UK107189602633,HOLSTEIN FRIESIAN X,Female,2016-08-16,2018-11-06,,,,nan,,,Nafferton,982000176072148,56
501.0,UK107189402645,HOLSTEIN FRIESIAN,Female,2016-09-20,2018-11-06,,,,nan,,,Nafferton,982000176144099,55
571.0,UK106710602403,HOLSTEIN FRIESIAN,Female,2016-06-22,2019-02-08,,,,nan,,,Nafferton,982000176144103,58
555.0,UK106710202441,HOLSTEIN FRIESIAN,Female,2016-09-05,2019-02-08,,,,nan,,,Nafferton,982000176144124,56
561.0,UK106710502451,HOLSTEIN FRIESIAN,Female,2016-09-27,2019-02-08,,,,nan,,,Nafferton,982000176144075,55
559.0,UK106710102461,HOLSTEIN FRIESIAN,Female,2016-10-29,2019-02-08,,,,nan,,,Nafferton,982000176144186,54
2480.0,UK106710602480,HOLSTEIN FRIESIAN,Female,2016-12-05,2019-02-08,,,,nan,,,Nafferton,0,53
554.0,UK106710102482,HOLSTEIN FRIESIAN,Female,2016-12-14,2019-02-08,,,,nan,,,Nafferton,982000176144157,52
558.0,UK106710702502,HOLSTEIN FRIESIAN,Female,2017-01-16,2019-02-08,,,,nan,,,Nafferton,982000176144116,51
553.0,UK106710202504,HOLSTEIN FRIESIAN,Female,2017-01-18,2019-02-08,,,,nan,,,Nafferton,982000175466800,51
566.0,UK106710302512,HOLSTEIN FRIESIAN,Female,2017-01-26,2019-02-08,,,,nan,,,Nafferton,982000176144133,51
574.0,UK106710202539,HOLSTEIN FRIESIAN,Female,2017-03-06,2019-02-08,,,,nan,,,Nafferton,982000176144108,50
336.0,UK107189602479,HOLSTEIN FRIESIAN,Female,2015-11-09,2019-02-08,,,,nan,,,Nafferton,982000176144173,66
567.0,UK107189602731,HOLSTEIN FRIESIAN,Female,2016-12-19,2019-02-08,,,,nan,,,Nafferton,982000176144200,52
525.0,UK107189202755,Swedish Red X,Female,2017-01-26,2019-02-08,,,,nan,,,Nafferton,982000176144220,51
455.0,UK106710202455,HOLSTEIN FRIESIAN,Female,2016-10-18,2019-03-27,,,,nan,,,Nafferton,982000176144078,54
,UK107189603347,HOLSTEIN FRIESIAN,Female,2019-06-24,2019-06-24,,,,nan,,,Nafferton,0,22
,UK107189703348,HOLSTEIN FRIESIAN,Male,2019-06-27,2019-06-27,,,,nan,,,Nafferton,0,22
311.0,UK106710402506,HOLSTEIN FRIESIAN,Female,2017-01-18,2019-07-12,,,,nan,,,Nafferton,982000176144215,51
5.0,UK106710102517,HOLSTEIN FRIESIAN,Female,2017-02-03,2019-07-12,,,,nan,,,Nafferton,982000176144192,51
301.0,UK106710402527,HOLSTEIN FRIESIAN,Female,2017-02-18,2019-07-12,,,,nan,,,Nafferton,982000175466823,50
2531.0,UK106710102531,HOLSTEIN FRIESIAN,Female,2017-02-25,2019-07-12,,,,nan,,,Nafferton,982000175466827,50
2545.0,UK106710102545,HOLSTEIN FRIESIAN,Female,2017-03-13,2019-07-12,,,,nan,,,Nafferton,0,49
38.0,UK106710202588,HOLSTEIN FRIESIAN,Female,2017-06-19,2019-07-12,,,,nan,,,Nafferton,982000176144266,46
89.0,UK107189502618,HOLSTEIN FRIESIAN X,Female,2016-07-10,2019-07-12,,,,nan,,,Nafferton,982000176144180,58
102.0,UK107189102649,Swedish Red X,Female,2016-09-22,2019-07-12,,,,nan,,,Nafferton,982000176144326,55
157.0,UK107189402652,Swedish Red X,Female,2016-09-27,2019-07-12,,,,nan,,,Nafferton,982000176144252,55
1288.0,UK107189502674,Swedish Red X,Female,2016-10-24,2019-07-12,,,,nan,,,Nafferton,982000176144243,54
528.0,UK107189702676,HOLSTEIN FRIESIAN,Female,2016-10-24,2019-07-12,,,,nan,,,Nafferton,982000176144207,54
388.0,UK107189402680,Swedish Red X,Female,2016-11-01,2019-07-12,,,,nan,,,Nafferton,982000176144311,54
387.0,UK107189602682,Swedish Red X,Female,2016-11-01,2019-07-12,,,,nan,,,Nafferton,982000176144257,54
394.0,UK107189102698,Swedish Red X,Female,2016-11-22,2019-07-12,,,,nan,,,Nafferton,982000176144255,53
397.0,UK107189102705,HOLSTEIN FRIESIAN,Female,2016-11-25,2019-07-12,,,,nan,,,Nafferton,982000176144276,53
155.0,UK107189402743,HOLSTEIN FRIESIAN,Female,2017-01-06,2019-07-12,,,,nan,,,Nafferton,982000176144244,52
1244.0,UK107189402750,HOLSTEIN FRIESIAN,Female,2017-01-16,2019-07-12,,,,nan,,,Nafferton,982000176144141,51
68.0,UK107189302791,BRITISH FRIESIAN X,Female,2017-03-27,2019-07-12,,,,nan,,,Nafferton,982000176144242,49
83.0,UK107189202797,HOLSTEIN FRIESIAN,Female,2017-04-15,2019-07-12,,,,nan,,,Nafferton,982000176144166,48
80.0,UK107189402799,BRITISH FRIESIAN X,Female,2017-04-24,2019-07-12,,,,nan,,,Nafferton,0,48
529.0,UK107189602808,HOLSTEIN FRIESIAN,Female,2017-05-22,2019-07-12,,,,nan,,,Nafferton,982000176144271,47
392.0,UK107189202783,BRITISH FRIESIAN X,Female,2017-03-15,2019-08-13,,Cockle park,,nan,,,Nafferton,982000176144330,49
,UK107189403408,HOLSTEIN FRIESIAN,Bull,2019-11-03,2019-11-03,,,,nan,,,Nafferton,0,17
,UK107189603410,HOLSTEIN FRIESIAN,Bull,2019-11-03,2019-11-03,,,,nan,,,Nafferton,0,17
,UK107189103391,HOLSTEIN FRIESIAN,Male,2019-09-30,2019-11-06,,,,nan,,,Nafferton,0,18
,UK107189203413,HOLSTEIN FRIESIAN X,Female,2019-11-14,2019-11-14,,,,nan,,,Nafferton,0,17
,UK107189503458,HOLSTEIN FRIESIAN,Bull,2020-01-02,2020-01-02,,,,nan,,,Nafferton,982000176157024,15
,UK107189403464,HOLSTEIN FRIESIAN,Male,2020-01-02,2020-01-02,,,,nan,,,Nafferton,982000176157030,15
12.0,UK106710102566,Holstein,Female,2017-04-24,2020-02-11,,Newcastle University,,nan,,,Nafferton,982000176126172,48
48.0,UK106710102587,HOLSTEIN FRIESIAN,Female,2017-06-16,2020-02-11,,Newcastle University,,nan,,,Nafferton,982000176126179,46
6.0,UK106710102615,HOLSTEIN FRIESIAN,Female,2017-07-28,2020-02-11,,Newcastle University,,nan,,,Nafferton,982000176126187,45
44.0,UK106710202518,HOLSTEIN FRIESIAN,Female,2017-02-04,2020-02-11,,Newcastle University,,nan,,,Nafferton,982000176126163,51
20.0,UK106710302554,HOLSTEIN FRIESIAN,Female,2017-03-26,2020-02-11,,Newcastle University,,nan,,,Nafferton,982000176126169,49
33.0,UK106710302568,Holstein,Female,2017-05-05,2020-02-11,,Newcastle University,,nan,,,Nafferton,982000176126174,48
49.0,UK106710402562,Holstein,Female,2017-04-16,2020-02-11,,Newcastle University,,nan,,,Nafferton,982000176126170,48
41.0,UK106710402569,Holstein,Female,2017-05-07,2020-02-11,,Newcastle University,,nan,,,Nafferton,982000176126175,48
57.0,UK106710402660,HOLSTEIN FRIESIAN,Female,2017-11-15,2020-02-11,,Newcastle University,,nan,,,Nafferton,982000176126195,41
,UK106710502563,HOLSTEIN FRIESIAN,Female,2017-04-20,2020-02-11,,Newcastle University,,nan,,,Nafferton,982000176126171,48
53.0,UK106710502605,HOLSTEIN FRIESIAN,Female,2017-07-13,2020-02-11,,Newcastle University,,nan,,,Nafferton,982000176126184,45
67.0,UK106710502626,HOLSTEIN FRIESIAN,Female,2017-09-01,2020-02-11,,Newcastle University,,nan,,,Nafferton,0,44
25.0,UK106710602571,Holstein,Female,2017-05-12,2020-02-11,,Newcastle University,,nan,,,Nafferton,982000176126176,47
77.0,UK106710602634,HOLSTEIN FRIESIAN,Female,2017-09-14,2020-02-11,,Newcastle University,,nan,,,Nafferton,982000176126189,43
35.0,UK106710602641,HOLSTEIN FRIESIAN,Female,2017-10-06,2020-02-11,,Newcastle University,,nan,,,Nafferton,982000176126191,43
52.0,UK107189102824,HOLSTEIN FRIESIAN X,Female,2017-08-05,2020-02-11,,Newcastle University,,nan,,,Nafferton,982000176126246,45
63.0,UK107189102873,HOLSTEIN FRIESIAN X,Female,2017-10-28,2020-02-11,,Newcastle University,,nan,,,Nafferton,982000176126270,42
43.0,UK107189102894,HOLSTEIN FRIESIAN,Female,2017-11-21,2020-02-11,,Newcastle University,,nan,,,Nafferton,982000176126281,41
104.0,UK107189202811,HOLSTEIN FRIESIAN,Female,2017-05-24,2020-02-11,,Newcastle University,,nan,,,Nafferton,982000176126238,47
254.0,UK107189202818,HOLSTEIN FRIESIAN,Female,2017-07-22,2020-02-11,,Newcastle University,,nan,,,Nafferton,982000176126243,45
419.0,UK107189202867,HOLSTEIN FRIESIAN X,Female,2017-10-18,2020-02-11,,Newcastle University,,nan,,,Nafferton,982000176126265,42
184.0,UK107189202874,Swedish Red X,Female,2017-10-28,2020-02-11,,Newcastle University,,nan,,,Nafferton,982000176126271,42
9.0,UK107189202888,HOLSTEIN FRIESIAN,Female,2017-11-08,2020-02-11,,Newcastle University,,nan,,,Nafferton,982000176126278,41
172.0,UK107189202902,HOLSTEIN FRIESIAN,Female,2017-11-24,2020-02-11,,Newcastle University,,nan,,,Nafferton,982000176126287,41
404.0,UK107189302861,HOLSTEIN FRIESIAN,Female,2017-10-11,2020-02-11,,Newcastle University,,nan,,,Nafferton,982000176126262,42
213.0,UK107189402820,HOLSTEIN FRIESIAN,Female,2017-07-23,2020-02-11,,Newcastle University,,nan,,,Nafferton,982000176126244,45
262.0,UK107189402841,HOLSTEIN FRIESIAN,Female,2017-09-13,2020-02-11,,Newcastle University,,nan,,,Nafferton,0,43
439.0,UK107189402883,HOLSTEIN FRIESIAN,Female,2017-11-07,2020-02-11,,Newcastle University,,nan,,,Nafferton,982000176126275,42
405.0,UK107189502863,HOLSTEIN FRIESIAN X,Female,2017-10-11,2020-02-11,,Newcastle University,,nan,,,Nafferton,982000176126263,42
360.0,UK107189602675,Swedish Red X,Female,2016-10-24,2020-02-11,,Newcastle University,,nan,,,Nafferton,982000176126224,54
519.0,UK107189602766,BRITISH FRIESIAN X,Female,2017-02-12,2020-02-11,,Newcastle University,,nan,,,Nafferton,982000176126229,50
152.0,UK107189602815,HOLSTEIN FRIESIAN,Female,2017-06-18,2020-02-11,,Newcastle University,,nan,,,Nafferton,982000176126240,46
317.0,UK107189602822,BRITISH FRIESIAN X,Female,2017-07-29,2020-02-11,,Newcastle University,,nan,,,Nafferton,982000176126245,45
302.0,UK107189602857,HOLSTEIN FRIESIAN,Female,2017-10-04,2020-02-11,,Newcastle University,,nan,,,Nafferton,982000176126260,43
444.0,UK107189602892,HOLSTEIN FRIESIAN,Female,2017-11-17,2020-02-11,,Newcastle University,,nan,,,Nafferton,982000176126280,41
,UK107189602962,HOLSTEIN FRIESIAN,Female,2018-02-26,2020-02-11,,Newcastle University,,nan,,,Nafferton,0,38
389.0,UK107189702683,Swedish Red X,Female,2016-11-03,2020-02-11,,Newcastle University,,nan,,,Nafferton,982000176126225,54
516.0,UK107189702760,BRITISH FRIESIAN X,Female,2017-02-06,2020-02-11,,Newcastle University,,nan,,,Nafferton,982000176126228,51
,UK107189702774,Swedish Red X,Female,2017-03-02,2020-02-11,,Newcastle University,,nan,,,Nafferton,0,50
32.0,UK107189702809,BRITISH FRIESIAN X,Female,2017-05-23,2020-02-11,,Newcastle University,,nan,,,Nafferton,982000176126237,47
16.0,UK107189702816,HOLSTEIN FRIESIAN,Female,2017-06-18,2020-02-11,,Newcastle University,,nan,,,Nafferton,982000176126241,46
2759.0,UK106710502759,HOLSTEIN FRIESIAN,Female,2018-05-15,2020-02-12,,Newcastle University,,nan,,,Nafferton,982000176126221,35
2659.0,UK107189402659,Swedish Red X,Female,2016-10-12,2020-02-12,,Newcastle University,,nan,,,Nafferton,982000176126222,55
3058.0,UK107189403058,Holstein,Female,2018-07-28,2020-02-12,,Newcastle University,,nan,,,Nafferton,982000176126333,33
2736.0,UK107189402736,HOLSTEIN FRIESIAN X,Female,2016-12-22,2020-02-23,,Newcastle University,,nan,,,Nafferton,0,52
,UK107189302910,HOLSTEIN FRIESIAN,Female,2017-12-04,2020-02-23,,Newcastle University,,nan,,,Nafferton,982000176126288,41
,UK107189502898,HOLSTEIN FRIESIAN,Female,2017-11-22,2020-02-23,,Newcastle University,,nan,,,Nafferton,982000176126284,41
109.0,UK107189202895,HOLSTEIN FRIESIAN,Female,2017-11-21,2020-02-23,,Newcastle University,,nan,,,Nafferton,982000176126282,41
42.0,UK106710302540,HOLSTEIN FRIESIAN,Female,2017-03-09,2020-02-23,,Newcastle University,,nan,,,Nafferton,0,50
75.0,UK106710402667,HOLSTEIN FRIESIAN,Female,2017-12-10,2020-02-23,,Newcastle University,,nan,,,Nafferton,0,40
29.0,UK107189502849,BRITISH FRIESIAN X,Female,2017-09-25,2020-02-23,,Newcastle University,,nan,,,Nafferton,0,43
,UK107189103489,Swedish Red X,Female,2020-03-03,2020-03-03,,,,nan,,,Nafferton,982000176157055,13
,UK107189103503,BRITISH FRIESIAN X,Female,2020-04-03,2020-04-03,,,,nan,,,Nafferton,982000176157069,12
,UK107189303498,HOLSTEIN FRIESIAN,Female,2020-04-03,2020-04-03,,,,nan,,,Nafferton,982000176157064,12
,UK107189403499,HOLSTEIN FRIESIAN,Female,2020-04-03,2020-04-03,,,,nan,,,Nafferton,982000176157065,12
,UK107189603501,HOLSTEIN FRIESIAN X,Female,2020-04-03,2020-04-03,,,,nan,,,Nafferton,982000176157067,12
,UK107189703502,Holstein,Female,2020-04-03,2020-04-03,,,,nan,,,Nafferton,982000176157068,12
,UK107189603522,HOLSTEIN FRIESIAN,Female,2020-04-10,2020-04-10,,,,nan,,,Nafferton,982000176157088,12
,UK107189103524,HOLSTEIN FRIESIAN X,Female,2020-04-10,2020-04-10,,,,nan,,,Nafferton,982000176157090,12
,UK 107189 503619,HOLSTEIN FRIESIAN,Bull,2020-04-10,2020-04-10,,,,nan,,,Nafferton,982000176157185,12
,UK107189503521,BRITISH FRIESIAN X,Female,2020-04-10,2020-04-10,,,,nan,,,Nafferton,982000176157087,12
,UK107189703523,BRITISH FRIESIAN X,Female,2020-04-10,2020-04-10,,,,nan,,,Nafferton,982000176157089,12
,UK107189303512,HOLSTEIN FRIESIAN,Female,2020-04-10,2020-04-10,,,,nan,,,Nafferton,982000176157078,12
,UK107189703495,HOLSTEIN FRIESIAN,Female,2020-04-10,2020-04-10,,,,nan,,,Nafferton,982000176157061,12
,UK 107189 503612,Swedish Red X,Bull,2020-04-10,2020-04-10,,,,nan,,,Nafferton,982000176157178,12
,UK107189603494,HOLSTEIN FRIESIAN,Female,2020-04-11,2020-04-11,,,,nan,,,Nafferton,982000176157060,12
,UK107189603508,HOLSTEIN FRIESIAN,Female,2020-04-12,2020-04-12,,,,nan,,,Nafferton,982000176157074,12
,UK107189703509,HOLSTEIN FRIESIAN,Female,2020-04-12,2020-04-12,,,,nan,,,Nafferton,982000176157075,12
,UK107189103510,HOLSTEIN FRIESIAN,Female,2020-04-13,2020-04-13,,,,nan,,,Nafferton,982000176157076,12
,UK107189203511,Holstein,Female,2020-04-14,2020-04-14,,,,nan,,,Nafferton,982000176157077,12
,UK107189403513,BRITISH FRIESIAN X,Female,2020-04-14,2020-04-14,,,,nan,,,Nafferton,982000176157079,12
,UK107189503514,HOLSTEIN FRIESIAN,Female,2020-04-15,2020-04-15,,,,nan,,,Nafferton,982000176157080,12
,UK107189703516,HOLSTEIN FRIESIAN,Female,2020-04-16,2020-04-16,,,,nan,,,Nafferton,982000176157082,12
,UK107189603529,HOLSTEIN FRIESIAN,Female,2020-04-17,2020-04-17,,,,nan,,,Nafferton,982000176157095,12
,UK107189403534,Shorthorn,Female,2020-04-21,2020-04-21,,,,nan,,,Nafferton,982000176157100,12
,UK107189503535,Shorthorn,Female,2020-04-21,2020-04-21,,,,nan,,,Nafferton,982000176157101,12
,UK107189203532,HOLSTEIN FRIESIAN,Female,2020-04-22,2020-04-22,,,,nan,,,Nafferton,982000176157098,12
,UK107189103622,Shorthorn Dairy,Bull,2020-04-22,2020-04-22,,,,nan,,,Nafferton,0,12
,UK107189703537,HOLSTEIN FRIESIAN,Female,2020-05-01,2020-05-01,,,,nan,,,Nafferton,982000176157103,11
,UK107189603536,HOLSTEIN FRIESIAN,Female,2020-05-01,2020-05-01,,,,nan,,,Nafferton,982000176157102,11
3140.0,UK107189203140,HOLSTEIN FRIESIAN X,Female,2018-11-05,2020-05-14,,Newcastle University,,nan,,,Nafferton,982000176126359,29
3135.0,UK107189403135,HOLSTEIN FRIESIAN,Female,2018-10-31,2020-05-14,,Newcastle University,,nan,,,Nafferton,982000176126357,30
3070.0,UK107189203070,Holstein,Female,2018-08-09,2020-05-14,,Newcastle University,,nan,,,Nafferton,982000176126337,32
3210.0,UK107189203210,HOLSTEIN FRIESIAN,Female,2019-01-20,2020-05-14,,Newcastle University,,nan,,,Nafferton,982000176126387,27
3019.0,UK107189703019,HOLSTEIN FRIESIAN,Female,2018-05-30,2020-05-14,,Newcastle University,,nan,,,Nafferton,982000176126320,35
2746.0,UK106710602746,HOLSTEIN FRIESIAN,Female,2018-04-22,2020-05-14,,Newcastle University,,nan,,,Nafferton,982000176126217,36
2758.0,UK106710402758,HOLSTEIN FRIESIAN,Female,2018-05-14,2020-05-14,,Newcastle University,,nan,,,Nafferton,982000176126220,35
2757.0,UK106710302757,HOLSTEIN FRIESIAN,Female,2018-05-13,2020-05-14,,Newcastle University,,nan,,,Nafferton,982000176126219,35
3052.0,UK107189503052,Holstein,Female,2018-07-15,2020-05-14,,Newcastle University,,nan,,,Nafferton,982000176126330,33
3111.0,UK107189103111,HOLSTEIN FRIESIAN,Female,2018-10-05,2020-05-14,,Newcastle University,,nan,,,Nafferton,982000176126349,30
2935.0,UK107189702935,HOLSTEIN FRIESIAN,Female,2018-01-30,2020-05-14,,Newcastle University,,nan,,,Nafferton,982000176126299,39
3127.0,UK107189303127,HOLSTEIN FRIESIAN,Female,2018-10-27,2020-05-14,,Newcastle University,,nan,,,Nafferton,982000176126354,30
3146.0,UK107189103146,HOLSTEIN FRIESIAN,Female,2018-11-08,2020-05-14,,Newcastle University,,nan,,,Nafferton,982000176126362,29
3172.0,UK107189603172,HOLSTEIN FRIESIAN,Female,2018-11-29,2020-05-14,,Newcastle University,,nan,,,Nafferton,982000176126369,29
3101.0,UK107189503101,HOLSTEIN FRIESIAN,Female,2018-09-18,2020-05-14,,Newcastle University,,nan,,,Nafferton,982000176126344,31
3095.0,UK107189603095,HOLSTEIN FRIESIAN,Female,2018-09-10,2020-05-14,,Newcastle University,,nan,,,Nafferton,982000176126342,31
2743.0,UK106710302743,HOLSTEIN FRIESIAN,Female,2018-04-19,2020-05-14,,Newcastle University,,nan,,,Nafferton,982000176126216,36
2738.0,UK106710502738,HOLSTEIN FRIESIAN,Female,2018-04-12,2020-05-14,,Newcastle University,,nan,,,Nafferton,982000176126215,36
3105.0,UK107189203105,HOLSTEIN FRIESIAN,Female,2018-09-26,2020-05-14,,Newcastle University,,nan,,,Nafferton,982000176126346,31
3021.0,UK107189203021,HOLSTEIN FRIESIAN,Female,2018-06-02,2020-05-14,,Newcastle University,,nan,,,Nafferton,982000176126322,35
3131.0,UK107189703131,HOLSTEIN FRIESIAN,Female,2018-10-27,2020-05-14,,Newcastle University,,nan,,,Nafferton,982000176126356,30
2754.0,UK106710702754,HOLSTEIN FRIESIAN,Female,2018-05-05,2020-05-14,,Newcastle University,,nan,,,Nafferton,982000176126218,36
3091.0,UK107189203091,HOLSTEIN FRIESIAN,Female,2018-08-30,2020-05-14,,Newcastle University,,nan,,,Nafferton,982000176126340,32
3071.0,UK107189303071,HOLSTEIN FRIESIAN,Female,2018-08-09,2020-05-14,,Newcastle University,,nan,,,Nafferton,982000176126338,32
3106.0,UK107189303106,HOLSTEIN FRIESIAN,Female,2018-09-28,2020-05-14,,Newcastle University,,nan,,,Nafferton,982000176126347,31
3059.0,UK107189503059,HOLSTEIN FRIESIAN,Female,2018-07-20,2020-05-14,,Newcastle University,,nan,,,Nafferton,982000176126334,33
3163.0,UK107189403163,HOLSTEIN FRIESIAN,Female,2018-11-23,2020-05-14,,Newcastle University,,nan,,,Nafferton,982000176126365,29
3126.0,UK107189203126,HOLSTEIN FRIESIAN,Female,2018-10-22,2020-05-14,,Newcastle University,,nan,,,Nafferton,982000176126353,30
3053.0,UK107189603053,Holstein,Female,2018-07-15,2020-05-14,,Newcastle University,,nan,,,Nafferton,982000176126331,33
3114.0,UK107189403114,HOLSTEIN FRIESIAN,Female,2018-10-15,2020-05-14,,Newcastle University,,nan,,,Nafferton,982000176126351,30
3066.0,UK107189503066,HOLSTEIN FRIESIAN,Female,2018-08-02,2020-05-14,,Newcastle University,,nan,,,Nafferton,982000176126336,33
3011.0,UK107189603011,HOLSTEIN FRIESIAN,Female,2018-04-29,2020-05-14,,Newcastle University,,nan,,,Nafferton,982000176126318,36
3056.0,UK107189203056,Holstein,Female,2018-07-27,2020-05-14,,Newcastle University,,nan,,,Nafferton,982000176126332,33
3049.0,UK107189203049,HOLSTEIN FRIESIAN,Female,2018-07-15,2020-05-14,,Newcastle University,,nan,,,Nafferton,982000176126329,33
3157.0,UK107189503157,HOLSTEIN FRIESIAN,Female,2018-11-16,2020-05-14,,Newcastle University,,nan,,,Nafferton,982000176126364,29
3144.0,UK107189603144,HOLSTEIN FRIESIAN,Female,2018-11-07,2020-05-14,,Newcastle University,,nan,,,Nafferton,982000176126360,29
3145.0,UK107189703145,HOLSTEIN FRIESIAN,Female,2018-11-08,2020-05-14,,Newcastle University,,nan,,,Nafferton,982000176126361,29
2933.0,UK107189502933,HOLSTEIN FRIESIAN,Female,2018-01-30,2020-05-14,,Newcastle University,,nan,,,Nafferton,982000176126297,39
2952.0,UK107189302952,HOLSTEIN FRIESIAN,Female,2018-02-11,2020-06-08,,Newcastle University,,nan,,,Nafferton,982000176126307,38
2980.0,UK107189302980,HOLSTEIN FRIESIAN,Female,2018-03-09,2020-06-08,,Newcastle University,,nan,,,Nafferton,982000176308712,37
2951.0,UK107189202951,HOLSTEIN FRIESIAN,Female,2018-02-11,2020-06-08,,Newcastle University,,nan,,,Nafferton,982000176126306,38
2925.0,UK107189402925,HOLSTEIN FRIESIAN,Female,2018-01-14,2020-06-08,,Newcastle University,,nan,,,Nafferton,982000176126293,39
2645.0,UK106710302645,HOLSTEIN FRIESIAN,Female,2017-10-17,2020-06-08,,Newcastle University,,nan,,,Nafferton,982000176126192,42
2937.0,UK107189202937,HOLSTEIN FRIESIAN,Female,2018-02-01,2020-06-08,,Newcastle University,,nan,,,Nafferton,982000176308697,39
2938.0,UK107189302938,NORWEGIAN RED X,Female,2018-02-01,2020-06-08,,Newcastle University,,nan,,,Nafferton,982000176126302,39
2691.0,UK106710702691,HOLSTEIN FRIESIAN,Female,2018-01-22,2020-06-08,,Newcastle University,,nan,,,Nafferton,982000176126208,39
3001.0,UK107189303001,HOLSTEIN FRIESIAN X,Female,2018-03-30,2020-06-08,,Newcastle University,,nan,,,Nafferton,982000176126315,37
2900.0,UK107189702900,HOLSTEIN FRIESIAN,Female,2017-11-22,2020-06-08,,Newcastle University,,nan,,,Nafferton,982000176126285,41
2717.0,UK106710502717,HOLSTEIN FRIESIAN,Female,2018-03-21,2020-06-08,,Newcastle University,,nan,,,Nafferton,982000176126211,37
2686.0,UK106710202686,HOLSTEIN FRIESIAN,Female,2018-01-16,2020-06-08,,Newcastle University,,nan,,,Nafferton,982000176126206,39
2924.0,UK107189302924,HOLSTEIN FRIESIAN,Female,2018-01-12,2020-06-08,,Newcastle University,,nan,,,Nafferton,982000176126292,39
2871.0,UK107189602871,Swedish Red X,Female,2017-10-23,2020-06-08,,Newcastle University,,nan,,,Nafferton,982000176126268,42
2697.0,UK106710602697,HOLSTEIN FRIESIAN,Female,2018-02-05,2020-06-08,,Newcastle University,,nan,,,Nafferton,982000176126209,39
2929.0,UK107189102929,HOLSTEIN FRIESIAN,Female,2018-01-18,2020-06-08,,Newcastle University,,nan,,,Nafferton,982000176126296,39
2836.0,UK107189602836,BRITISH FRIESIAN X,Female,2017-09-11,2020-06-08,,Newcastle University,,nan,,,Nafferton,982000176126250,43
2580.0,UK106710102580,Holstein,Female,2017-06-04,2020-06-08,,Newcastle University,,nan,,,Nafferton,982000176126177,47
2777.0,UK107189302777,Swedish Red X,Female,2017-03-08,2020-06-08,,Newcastle University,,nan,,,Nafferton,982000176126232,50
2886.0,UK107189702886,BRITISH FRIESIAN X,Female,2017-11-07,2020-06-08,,Newcastle University,,nan,,,Nafferton,982000176126277,42
2789.0,UK107189102789,BRITISH FRIESIAN X,Female,2017-03-23,2020-06-08,,Newcastle University,,nan,,,Nafferton,982000176126234,49
2977.0,UK107189702977,HOLSTEIN FRIESIAN,Female,2018-03-07,2020-06-08,,Newcastle University,,nan,,,Nafferton,982000176126310,38
2869.0,UK107189402869,Swedish Red X,Female,2017-10-23,2020-06-08,,Newcastle University,,nan,,,Nafferton,982000176126266,42
2661.0,UK106710502661,HOLSTEIN FRIESIAN,Female,2017-11-30,2020-06-08,,Newcastle University,,nan,,,Nafferton,982000176126196,-1435
2979.0,UK107189202979,HOLSTEIN FRIESIAN,Female,2018-03-09,2020-06-08,,Newcastle University,,nan,,,Nafferton,982000176126311,37
2926.0,UK107189502926,HOLSTEIN FRIESIAN,Female,2018-01-14,2020-06-08,,Newcastle University,,nan,,,Nafferton,982000176126294,39
2719.0,UK106710702719,HOLSTEIN FRIESIAN,Female,2018-03-25,2020-06-08,,Newcastle University,,nan,,,Nafferton,982000176126212,37
2829.0,UK107189602829,BRITISH FRIESIAN X,Female,2017-08-14,2020-06-08,,Newcastle University,,nan,,,Nafferton,982000176126247,44
3013.0,UK107189103013,HOLSTEIN FRIESIAN,Female,2018-05-13,2020-06-08,,Newcastle University,,nan,,,Nafferton,982000176126319,35
2856.0,UK107189502856,HOLSTEIN FRIESIAN,Female,2017-10-01,2020-06-08,,Newcastle University,,nan,,,Nafferton,982000176126259,43
3026.0,UK107189703026,Holstein,Female,2018-06-26,2020-06-08,,Newcastle University,,nan,,,Nafferton,982000176126323,34
2720.0,UK106710102720,HOLSTEIN FRIESIAN,Female,2018-03-25,2020-06-08,,Newcastle University,,nan,,,Nafferton,982000176126213,37
2683.0,UK106710602683,HOLSTEIN FRIESIAN,Female,2018-01-13,2020-06-08,,Newcastle University,,nan,,,Nafferton,982000176126205,39
2876.0,UK107189402876,Swedish Red X,Female,2017-10-28,2020-06-08,,Newcastle University,,nan,,,Nafferton,982000176126273,42
2936.0,UK107189102936,NORWEGIAN RED X,Female,2018-01-30,2020-06-08,,Newcastle University,,nan,,,Nafferton,982000176126300,39
2835.0,UK107189502835,BRITISH FRIESIAN X,Female,2017-09-11,2020-06-08,,Newcastle University,,nan,,,Nafferton,982000176126249,43
2838.0,UK107189102838,HOLSTEIN FRIESIAN,Female,2017-09-13,2020-06-08,,Newcastle University,,nan,,,Nafferton,982000176126251,43
2946.0,UK107189402946,HOLSTEIN FRIESIAN,Female,2018-02-09,2020-06-08,,Newcastle University,,nan,,,Nafferton,982000176126304,38
2911.0,UK107189402911,HOLSTEIN FRIESIAN,Female,2017-12-05,2020-06-08,,Newcastle University,,nan,,,Nafferton,982000176126289,41
2875.0,UK107189302875,Swedish Red X,Female,2017-10-28,2020-06-08,,Newcastle University,,nan,,,Nafferton,982000176126272,42
2872.0,UK107189702872,HOLSTEIN FRIESIAN,Female,2017-10-24,2020-06-08,,Newcastle University,,nan,,,Nafferton,982000176126269,42
2940.0,UK107189502940,HOLSTEIN FRIESIAN,Female,2018-02-01,2020-06-08,,Newcastle University,,nan,,,Nafferton,982000176126303,39
2679.0,UK106710202679,HOLSTEIN FRIESIAN,Female,2018-01-05,2020-06-08,,Newcastle University,,nan,,,Nafferton,982000176126203,40
2670.0,UK106710702670,HOLSTEIN FRIESIAN,Female,2017-12-13,2020-06-08,,Newcastle University,,nan,,,Nafferton,982000176308663,40
3000.0,UK107189203000,HOLSTEIN FRIESIAN,Female,2018-03-29,2020-06-08,,Newcastle University,,nan,,,Nafferton,982000176126314,37
2653.0,UK106710402653,HOLSTEIN FRIESIAN,Female,2017-11-08,2020-06-08,,Newcastle University,,nan,,,Nafferton,982000176126193,41
3009.0,UK107189403009,HOLSTEIN FRIESIAN,Female,2018-04-25,2020-06-08,,Newcastle University,,nan,,,Nafferton,982000176308668,36
2678.0,UK106710102678,HOLSTEIN FRIESIAN,Female,2018-01-04,2020-06-08,,Newcastle University,,nan,,,Nafferton,982000176126202,40
2681.0,UK106710402681,HOLSTEIN FRIESIAN,Female,2018-01-09,2020-06-08,,Newcastle University,,nan,,,Nafferton,982000176126204,39
,UK106143100424,BEEF SHORTHORN,Male,2018-02-22,2020-06-08,,Newcastle University,,nan,,,Nafferton,982000176126161,38
3035.0,UK107189203035,Holstein,Female,2018-06-27,2020-06-08,,Newcastle University,,nan,,,Nafferton,982000176126326,34
3208.0,UK107189703208,HOLSTEIN FRIESIAN,Female,2019-01-16,2020-06-08,,Newcastle University,,nan,,,Nafferton,982000176126385,27
,UK107189303505,BRITISH FRIESIAN X,Female,2020-04-10,2020-06-08,,Newcastle University,,nan,,,Nafferton,982000176157071,12
,UK107189403541,BRITISH FRIESIAN X,Female,2020-07-17,2020-07-17,,,,nan,,,Nafferton,982000176157107,9
,UK107189703544,HOLSTEIN FRIESIAN,Female,2020-07-18,2020-07-18,,,,nan,,,Nafferton,982000176157110,9
,UK107189503542,HOLSTEIN FRIESIAN,Female,2020-07-19,2020-07-19,,,,nan,,,Nafferton,982000176157108,9
,UK107189603543,BRITISH FRIESIAN X,Female,2020-07-20,2020-07-20,,,,nan,,,Nafferton,982000176157109,9
,UK107189103545,HOLSTEIN FRIESIAN,Female,2020-07-23,2020-07-23,,,,nan,,,Nafferton,982000176157111,9
,UK107189203546,HOLSTEIN FRIESIAN,Female,2020-07-25,2020-07-25,,,,nan,,,Nafferton,982000176157112,8
,UK107189303547,HOLSTEIN FRIESIAN,Female,2020-08-01,2020-08-01,,,,nan,,,Nafferton,982000176157113,8
,UK107189603550,HOLSTEIN FRIESIAN X,Female,2020-08-06,2020-08-06,,,,nan,,,Nafferton,982000176157116,8
,UK107189103552,BRITISH FRIESIAN X,Female,2020-08-09,2020-08-09,,,,nan,,,Nafferton,982000176157118,8
,UK107189203553,BRITISH FRIESIAN X,Female,2020-08-09,2020-08-09,,,,nan,,,Nafferton,982000176157119,8
,UK107189403555,BRITISH FRIESIAN X,Female,2020-08-10,2020-08-10,,,,nan,,,Nafferton,982000176157121,8
,UK107189503556,BRITISH FRIESIAN X,Female,2020-08-11,2020-08-11,,,,nan,,,Nafferton,982000176157122,8
,UK107189103664,HOLSTEIN FRIESIAN,Female,2020-09-13,2020-09-13,,,,nan,,,Nafferton,982000176157230,7
,UK107189703670,LONGHORN X,Female,2020-09-13,2020-09-13,,,,nan,,,Nafferton,982000176157236,7
,UK107189503654,HOLSTEIN FRIESIAN,Bull,2020-09-20,2020-09-20,,,,nan,,,Nafferton,982000176157220,7
,UK107189603690,LONGHORN X,Bull,2020-10-07,2020-10-07,,,,nan,,,Nafferton,982000176157256,6
,UK107189703565,BRITISH FRIESIAN X,Female,2020-10-20,2020-10-20,,,,nan,2021-04-10,,Nafferton,982000176157131,5
,UK107189403569,HOLSTEIN FRIESIAN,Bull,2020-10-27,2020-10-27,,,,nan,,,Nafferton,982000176157135,5
,UK107189403583,BRITISH FRIESIAN X,Female,2020-11-05,2020-11-05,,,,nan,,,Nafferton,982000176157149,5
,UK107189203588,BRITISH FRIESIAN X,Female,2020-11-05,2020-11-05,,,,nan,,,Nafferton,982000176157154,5
,UK107189503591,BRITISH FRIESIAN X,Female,2020-11-10,2020-11-10,,,,nan,,,Nafferton,982000176157157,5
,UK107189703593,BRITISH FRIESIAN X,Female,2020-11-15,2020-11-15,,,,nan,,,Nafferton,982000176157159,5
,UK107189503598,BRITISH FRIESIAN X,Female,2020-11-15,2020-11-15,,,,nan,,,Nafferton,982000176157164,5
,UK107189103594,HOLSTEIN FRIESIAN X,Female,2020-11-15,2020-11-15,,,,nan,,,Nafferton,982000176157160,5
,UK107189703600,LONGHORN X,Female,2020-11-27,2020-11-27,,,,nan,,,Nafferton,982000176157166,4
,UK107189103601,ABERDEEN ANGUS X,Female,2020-11-27,2020-11-27,,,,nan,,,Nafferton,982000176157167,4
,UK107189603599,LONGHORN X,Bull,2020-11-27,2020-11-27,,,,nan,,,Nafferton,982000176157165,4
,UK107189503752,LONGHORN X,Female,2020-12-04,2020-12-04,,,,nan,,,Nafferton,0,4
,UK107189203756,LONGHORN X,Bull,2020-12-04,2020-12-04,,,,nan,,,Nafferton,0,4
,UK107189103755,LONGHORN X,Female,2020-12-04,2020-12-04,,,,nan,,,Nafferton,0,4
,UK107189403758,LONGHORN X,Female,2020-12-10,2020-12-10,,,,nan,,,Nafferton,0,4
,UK107189503759,LONGHORN X,Female,2020-12-20,2020-12-20,,,,nan,,,Nafferton,0,4
,UK107189603760,LONGHORN X,Bull,2020-12-20,2020-12-20,,,,nan,,,Nafferton,0,4
,UK107189703761,LONGHORN X,Bull,2020-12-20,2020-12-20,,,,nan,,,Nafferton,0,4
,UK107189203763,LONGHORN X,Bull,2020-12-20,2020-12-20,,,,nan,,,Nafferton,0,4
,UK107189303764,LONGHORN X,Bull,2020-12-20,2020-12-20,,,,nan,,,Nafferton,0,4
,UK107189403765,LONGHORN X,Bull,2020-12-20,2020-12-20,,,,nan,,,Nafferton,0,4
,UK107189503766,LONGHORN X,Female,2020-12-20,2020-12-20,,,,nan,,,Nafferton,0,4
2737.0,UK106710402737,HOLSTEIN FRIESIAN,Female,2018-04-12,2020-12-21,,Newcastle University,,nan,,,Nafferton,982000176126214,36
,UK107189203770,LONGHORN X,Bull,2021-01-10,2021-01-10,,,,nan,,,Nafferton,0,3
,UK107189503773,HOLSTEIN FRIESIAN,Female,2021-02-09,2021-02-09,,,,nan,,,Nafferton,0,2
,UK107189703775,HOLSTEIN FRIESIAN,Bull,2021-02-16,2021-02-16,,,,nan,,,Nafferton,0,2
3328.0,UK107189103328,HOLSTEIN FRIESIAN,Female,2019-05-14,2021-02-23,,Newcastle University,,nan,,,Nafferton,982000176308652,23
3117.0,UK107189703117,HOLSTEIN FRIESIAN,Female,2018-10-16,2021-02-23,,Newcastle University,,nan,,,Nafferton,982000176126352,30
3209.0,UK107189103209,HOLSTEIN FRIESIAN,Female,2019-01-17,2021-02-23,,Newcastle University,,nan,,,Nafferton,982000176126386,27
3227.0,UK107189503227,HOLSTEIN FRIESIAN,Female,2019-02-16,2021-02-23,,Newcastle University,,nan,,,Nafferton,982000176126395,26
3231.0,UK107189203231,HOLSTEIN FRIESIAN X,Female,2019-02-18,2021-02-23,,Newcastle University,,nan,,,Nafferton,982000176126398,26
3136.0,UK107189503136,HOLSTEIN FRIESIAN,Female,2018-10-31,2021-02-23,,Newcastle University,,nan,,,Nafferton,982000176126358,30
3178.0,UK107189503178,HOLSTEIN FRIESIAN,Female,2018-12-03,2021-02-23,,Newcastle University,,nan,,,Nafferton,982000176126372,28
3186.0,UK107189603186,HOLSTEIN FRIESIAN,Female,2018-12-18,2021-02-23,,Newcastle University,,nan,,,Nafferton,982000176126376,28
3151.0,UK107189603151,HOLSTEIN FRIESIAN,Female,2018-11-14,2021-02-23,,Newcastle University,,nan,,,Nafferton,982000176126363,29
3228.0,UK107189603228,HOLSTEIN FRIESIAN X,Female,2019-02-17,2021-02-23,,Newcastle University,,nan,,,Nafferton,982000176126396,26
3104.0,UK107189103104,HOLSTEIN FRIESIAN,Female,2018-09-23,2021-02-23,,Newcastle University,,nan,,,Nafferton,982000176126345,31
3216.0,UK107189103216,HOLSTEIN FRIESIAN X,Female,2019-01-26,2021-02-23,,Newcastle University,,nan,,,Nafferton,982000176126392,27
3258.0,UK107189103258,HOLSTEIN FRIESIAN,Female,2019-03-14,2021-02-23,,Newcastle University,,nan,,,Nafferton,982000176126408,25
3191.0,UK107189403191,Swedish Red X,Female,2018-12-25,2021-02-23,,Newcastle University,,nan,,,Nafferton,982000176126378,28
3179.0,UK107189603179,HOLSTEIN FRIESIAN,Female,2018-12-03,2021-02-23,,Newcastle University,,nan,,,Nafferton,982000176126373,28
3198.0,UK107189403198,HOLSTEIN FRIESIAN,Female,2018-12-27,2021-02-23,,Newcastle University,,nan,,,Nafferton,982000176126383,28
3165.0,UK107189603165,HOLSTEIN FRIESIAN,Female,2018-11-25,2021-02-23,,Newcastle University,,nan,,,Nafferton,982000176126366,29
3313.0,UK107189703313,HOLSTEIN FRIESIAN,Female,2019-04-14,2021-02-23,,Newcastle University,,nan,,,Nafferton,982000176208385,24
3217.0,UK107189203217,HOLSTEIN FRIESIAN,Female,2019-02-01,2021-02-23,,Newcastle University,,nan,,,Nafferton,982000176126393,26
3188.0,UK107189103188,HOLSTEIN FRIESIAN,Female,2018-12-22,2021-02-23,,Newcastle University,,nan,,,Nafferton,982000176126377,28
3204.0,UK107189303204,HOLSTEIN FRIESIAN,Female,2019-01-08,2021-02-23,,Newcastle University,,nan,,,Nafferton,982000176126384,27
3214.0,UK107189603214,HOLSTEIN FRIESIAN,Female,2019-01-25,2021-02-23,,Newcastle University,,nan,,,Nafferton,982000176126390,27
3169.0,UK107189303169,HOLSTEIN FRIESIAN,Female,2018-11-25,2021-02-23,,Newcastle University,,nan,,,Nafferton,982000176126368,29
3211.0,UK107189303211,HOLSTEIN FRIESIAN,Female,2019-01-21,2021-02-23,,Newcastle University,,nan,,,Nafferton,982000176126388,27
3253.0,UK107189303253,HOLSTEIN FRIESIAN,Female,2019-03-13,2021-02-23,,Newcastle University,,nan,,,Nafferton,982000176126406,25
3236.0,UK107189703236,HOLSTEIN FRIESIAN,Female,2019-02-19,2021-02-23,,Newcastle University,,nan,,,Nafferton,982000176126401,26
,UK107189403786,Swedish Red X,Female,2021-02-23,2021-02-23,,,,nan,,,Nafferton,0,1
,UK107189103776,LONGHORN X,Bull,2021-02-24,2021-02-24,,,,nan,,,Nafferton,0,1
,UK107189203777,LONGHORN X,Female,2021-02-24,2021-02-24,,,,nan,,,Nafferton,0,1
,UK107189303778,LONGHORN X,Female,2021-02-24,2021-02-24,,,,nan,,,Nafferton,0,1
,UK107189403779,LONGHORN X,Bull,2021-02-24,2021-02-24,,,,nan,,,Nafferton,0,1
,UK107189503780,LONGHORN X,Bull,2021-02-24,2021-02-24,,,,nan,,,Nafferton,0,1
,UK107189103783,HOLSTEIN FRIESIAN X,Female,2021-02-24,2021-02-24,,,,nan,2021-04-10,,Nafferton,0,1
,UK107189203784,HOLSTEIN FRIESIAN,Female,2021-02-24,2021-02-24,,,,nan,,,Nafferton,0,1
,UK107189303785,Swedish Red X,Female,2021-02-24,2021-02-24,,,,nan,,,Nafferton,0,1
,UK107189703810,LONGHORN X,Female,2021-02-24,2021-02-24,,,,nan,,,Nafferton,0,1
,UK107189603781,LONGHORN X,Bull,2021-02-25,2021-02-25,,,,nan,,,Nafferton,0,1
,UK107189703782,LONGHORN X,Bull,2021-02-25,2021-02-25,,,,nan,,,Nafferton,0,1
,UK107189503787,LONGHORN X,Female,2021-02-25,2021-02-25,,,,nan,2021-04-10,,Nafferton,982000176374523,1
,UK107189703789,LONGHORN X,Bull,2021-02-25,2021-02-25,,,,nan,,,Nafferton,0,1
,UK107189603788,JERSEY X,Female,2021-02-25,2021-02-25,,,,nan,,,Nafferton,0,1
,UK107189303792,JERSEY X,Female,2021-02-25,2021-02-25,,,,nan,,,Nafferton,0,1
,UK107189503794,LONGHORN X,Female,2021-02-25,2021-02-25,,,,nan,,,Nafferton,0,1
,UK107189103804,JERSEY X,Female,2021-02-26,2021-02-26,,,,nan,,,Nafferton,0,1
,UK107189603795,JERSEY X,Female,2021-02-26,2021-02-26,,,,nan,,,Nafferton,0,1
,UK107189203791,JERSEY X,Female,2021-03-01,2021-03-01,,,,nan,,,Nafferton,0,1
,UK107189203805,JERSEY X,Female,2021-03-01,2021-03-01,,,,nan,,,Nafferton,0,1
,UK107189303806,LONGHORN X,Bull,2021-03-01,2021-03-01,,,,nan,,,Nafferton,0,1
,UK107189403807,LONGHORN X,Bull,2021-03-01,2021-03-01,,,,nan,,,Nafferton,0,1
,UK107189703796,LONGHORN X,Bull,2021-03-01,2021-03-01,,,,nan,,,Nafferton,0,1
,UK107189103797,LONGHORN X,Female,2021-03-01,2021-03-01,,,,nan,2021-04-16,,Nafferton,0,1
,UK107189203798,LONGHORN X,Female,2021-03-02,2021-03-02,,,,nan,,,Nafferton,0,1
,UK107189303799,LONGHORN X,Female,2021-03-02,2021-03-02,,,,nan,,,Nafferton,0,1
,UK107189203812,JERSEY X,Female,2021-03-03,2021-03-03,,,,nan,,,Nafferton,0,1
,UK107189403800,JERSEY X,Female,2021-03-04,2021-03-04,,,,nan,,,Nafferton,0,1
,UK107189503801,JERSEY X,Female,2021-03-04,2021-03-04,,,,nan,,,Nafferton,0,1
,UK107189603802,LONGHORN X,Female,2021-03-04,2021-03-04,,,,nan,,,Nafferton,0,1
,UK107189603809,JERSEY X,Female,2021-03-05,2021-03-05,,,,nan,,,Nafferton,0,1
,UK107189103811,JERSEY X,Female,2021-03-05,2021-03-05,,,,nan,2021-04-10,,Nafferton,0,1
,UK107189203819,JERSEY X,Female,2021-03-05,2021-03-05,,,,nan,,,Nafferton,0,1
,UK107189103818,LONGHORN X,Bull,2021-03-08,2021-03-08,,,,nan,,,Nafferton,0,1
,UK107189403814,JERSEY X,Female,2021-03-09,2021-03-09,,,,nan,,,Nafferton,0,1
,UK107189603816,LONGHORN X,Bull,2021-03-09,2021-03-09,,,,nan,,,Nafferton,0,1
,UK107189703817,JERSEY X,Female,2021-03-09,2021-03-09,,,,nan,,,Nafferton,0,1
,UK107189703831,JERSEY X,Female,2021-03-09,2021-03-09,,,,nan,,,Nafferton,0,1
,UK107189603830,JERSEY X,Female,2021-03-10,2021-03-10,,,,nan,,,Nafferton,0,1
,UK107189403828,JERSEY X,Female,2021-03-11,2021-03-11,,,,nan,2021-04-10,,Nafferton,0,1
,UK107189503829,JERSEY X,Bull,2021-03-11,2021-03-11,,,,nan,,,Nafferton,0,1
,UK107189403821,HOLSTEIN FRIESIAN,Female,2021-03-12,2021-03-12,,,,nan,,,Nafferton,0,1
,UK107189503822,JERSEY X,Female,2021-03-15,2021-03-15,,,,nan,,,Nafferton,0,1
,UK107189603823,LONGHORN X,Female,2021-03-15,2021-03-15,,,,nan,,,Nafferton,0,1
,UK107189203826,LONGHORN X,Bull,2021-03-16,2021-03-16,,,,nan,,,Nafferton,0,1
,UK107189303827,HOLSTEIN FRIESIAN,Bull,2021-03-16,2021-03-16,,,,nan,2021-04-10,,Nafferton,0,0
3183.0,UK107189303183,HOLSTEIN FRIESIAN,Female,2018-12-12,2021-03-18,,Newcastle University,,nan,,,Nafferton,982000176308658,28
,UK107189703824,HOLSTEIN FRIESIAN,Bull,2021-03-19,2021-03-19,,,,nan,,,Nafferton,0,1
,UK107189503836,JERSEY X,Female,2021-03-19,2021-03-19,,,,nan,,,Nafferton,0,1
,UK107189603837,JERSEY X,Bull,2021-03-19,2021-03-19,,,,nan,,,Nafferton,0,1
,UK107189703838,JERSEY X,Female,2021-03-19,2021-03-19,,,,nan,2021-04-10,,Nafferton,0,0
,UK107189103839,JERSEY X,Female,2021-03-20,2021-03-20,,,,nan,,,Nafferton,0,1
,UK107189103832,JERSEY X,Female,2021-03-22,2021-03-22,,,,nan,,,Nafferton,0,0
,UK107189203833,JERSEY X,Female,2021-03-22,2021-03-22,,,,nan,,,Nafferton,0,0
,UK107189303834,Aberdeen-Angus,Bull,2021-03-22,2021-03-22,,,,nan,,,Nafferton,0,0
