InternalID,Freeze Brand,Ear Tag,Colour,Breed,Sex,Date Of Birth,Dam's Ear Tag,Date Of Acquisition,Age when acquired,Purchased From,Date Of Disposal,Disposed Of To,Date Of Death,Manner and Place of Destruction,Record 1st Created,Record Edited?,Reason For Change,ReasonForCull,Sire,Location,Age(mths),
209018645,2645,UK106710302645,N/A,HOLSTEIN FRIESIAN,Female,17/10/2017,UK106710201895,17/10/2017,0 yrs  0 mths,,08/06/2020,31/377/0042 Nafferton Farm,,,08/08/2019,No,,,,,32,
209018646,2653,UK106710402653,N/A,HOLSTEIN FRIESIAN,Female,08/11/2017,UK106710202063,08/11/2017,0 yrs  0 mths,,08/06/2020,31/377/0042 Nafferton Farm,,,08/08/2019,No,,,,,31,
209018649,2661,UK106710502661,N/A,HOLSTEIN FRIESIAN,Female,30/11/2017,UK106710201916,30/11/2017,0 yrs  0 mths,,08/06/2020,31/377/0042 Nafferton Farm,,,08/08/2019,No,,,,,30,
209018653,2670,UK106710702670,N/A,HOLSTEIN FRIESIAN,Female,13/12/2017,UK106710102090,13/12/2017,0 yrs  0 mths,,08/06/2020,31/377/0042 Nafferton Farm,,,08/08/2019,No,,,,,30,
209018656,2679,UK106710202679,N/A,HOLSTEIN FRIESIAN,Female,05/01/2018,UK106710202224,05/01/2018,0 yrs  0 mths,,08/06/2020,31/377/0042 Nafferton Farm,,,08/08/2019,No,,,,,29,
209468433,,UK106710402681,N/A,HOLSTEIN FRIESIAN,Female,09/01/2018,UK106710201853,09/01/2018,0 yrs  0 mths,,08/06/2020,31/377/0042 Nafferton Farm,,,08/08/2019,No,,,,,29,
209018658,2683,UK106710602683,N/A,HOLSTEIN FRIESIAN,Female,13/01/2018,UK106710402142,13/01/2018,0 yrs  0 mths,,08/06/2020,31/377/0042 Nafferton Farm,,,08/08/2019,No,,,,,29,
209018659,2686,UK106710202686,N/A,HOLSTEIN FRIESIAN,Female,16/01/2018,UK106710602256,16/01/2018,0 yrs  0 mths,,08/06/2020,31/377/0042 Nafferton Farm,,,08/08/2019,No,,Old Age,,,29,
209018660,2688,UK106710402688,N/A,HOLSTEIN FRIESIAN,Female,21/01/2018,UK106710202112,21/01/2018,0 yrs  0 mths,,27/05/2020,linden foods,,,08/08/2019,No,,,,,28,
209018661,2691,UK106710702691,N/A,HOLSTEIN FRIESIAN,Female,22/01/2018,UK106710101922,22/01/2018,0 yrs  0 mths,,08/06/2020,31/377/0042 Nafferton Farm,,,08/08/2019,No,,,,,28,
209018662,2697,UK106710602697,N/A,HOLSTEIN FRIESIAN,Female,05/02/2018,UK106710301987,05/02/2018,0 yrs  0 mths,,08/06/2020,31/377/0042 Nafferton Farm,,,08/08/2019,No,,Old Age,,,28,
209018664,2717,UK106710502717,N/A,HOLSTEIN FRIESIAN,Female,21/03/2018,UK106710702264,21/03/2018,0 yrs  0 mths,,08/06/2020,31/377/0042 Nafferton Farm,,,08/08/2019,No,,Old Age,,,27,
209018665,2719,UK106710702719,N/A,HOLSTEIN FRIESIAN,Female,25/03/2018,UK106710402135,25/03/2018,0 yrs  0 mths,,08/06/2020,31/377/0042 Nafferton Farm,,,08/08/2019,No,,,,,26,
209018666,2720,UK106710102720,N/A,HOLSTEIN FRIESIAN,Female,25/03/2018,UK106710301420,25/03/2018,0 yrs  0 mths,,08/06/2020,31/377/0042 Nafferton Farm,,,08/08/2019,No,,,,,26,
209018668,2738,UK106710502738,N/A,HOLSTEIN FRIESIAN,Female,12/04/2018,UK106710601605,12/04/2018,0 yrs  0 mths,,14/05/2020,31/377/0042 Nafferton Farm,,,08/08/2019,No,,,,,25,
209468435,,UK106710402737,N/A,HOLSTEIN FRIESIAN,Female,12/04/2018,UK106710602151,12/04/2018,0 yrs  0 mths,,08/06/2020,31/377/0042 Nafferton Farm,,,08/08/2019,No,,,,,26,
209018669,2743,UK106710302743,N/A,HOLSTEIN FRIESIAN,Female,19/04/2018,UK106710402100,19/04/2018,0 yrs  0 mths,,14/05/2020,31/377/0042 Nafferton Farm,,,08/08/2019,No,,,,,25,
209018670,2746,UK106710602746,N/A,HOLSTEIN FRIESIAN,Female,22/04/2018,UK106710502248,22/04/2018,0 yrs  0 mths,,14/05/2020,31/377/0042 Nafferton Farm,,,08/08/2019,No,,,,,25,
209018671,2754,UK106710702754,N/A,HOLSTEIN FRIESIAN,Female,05/05/2018,UK106710702292,05/05/2018,0 yrs  0 mths,,14/05/2020,31/377/0042 Nafferton Farm,,,08/08/2019,No,,,,,24,
209018672,2757,UK106710302757,N/A,HOLSTEIN FRIESIAN,Female,13/05/2018,UK106710102160,13/05/2018,0 yrs  0 mths,,14/05/2020,31/377/0042 Nafferton Farm,,,08/08/2019,No,,,,,24,
209018673,2758,UK106710402758,N/A,HOLSTEIN FRIESIAN,Female,14/05/2018,UK106710202147,14/05/2018,0 yrs  0 mths,,14/05/2020,31/377/0042 Nafferton Farm,,,08/08/2019,No,,,,,24,
209468429,,UK106710102678,N/A,HOLSTEIN FRIESIAN,Female,04/01/2018,UK106710601913,28/05/2018,0 yrs  4 mths,,08/06/2020,31/377/0042 Nafferton Farm,,,08/08/2019,No,,,,,29,
209018686,2783,UK107189202783,N/A,BRITISH FRIESIAN X,Female,15/03/2017,UK107189202111,01/06/2018,1 yrs  3 mths,,04/02/2021,31/377/0042 Nafferton Farm,,,08/08/2019,No,,,,,47,
209018701,2833,UK107189302833,N/A,HOLSTEIN FRIESIAN,Female,29/08/2017,UK107189701941,20/07/2018,0 yrs  11 mths,,27/05/2020,linden foods,,,08/08/2019,No,,,,,33,
209018719,2869,UK107189402869,N/A,Swedish Red X,Female,23/10/2017,UK107189102320,20/07/2018,0 yrs  9 mths,,08/06/2020,31/377/0042 Nafferton Farm,,,08/08/2019,No,,,,,31,
209018721,2871,UK107189602871,N/A,Swedish Red X,Female,23/10/2017,UK107189102362,20/07/2018,0 yrs  9 mths,,08/06/2020,31/377/0042 Nafferton Farm,,,08/08/2019,No,,Old Age,,,31,
209018722,2872,UK107189702872,N/A,HOLSTEIN FRIESIAN,Female,24/10/2017,UK107189702123,20/07/2018,0 yrs  9 mths,,08/06/2020,31/377/0042 Nafferton Farm,,,08/08/2019,No,,,,,31,
209018725,2875,UK107189302875,N/A,Swedish Red X,Female,28/10/2017,UK107189302350,20/07/2018,0 yrs  9 mths,,08/06/2020,31/377/0042 Nafferton Farm,,,08/08/2019,No,,,,,31,
209018726,2876,UK107189402876,N/A,Swedish Red X,Female,28/10/2017,UK107189502296,20/07/2018,0 yrs  9 mths,,08/06/2020,31/377/0042 Nafferton Farm,,,08/08/2019,No,,,,,31,
209018727,2878,UK107189602878,N/A,Swedish Red X,Female,30/10/2017,UK107189102390,20/07/2018,0 yrs  9 mths,,08/06/2020,31/377/0042 Nafferton Farm,,,08/08/2019,No,,,,,31,
209018729,2884,UK107189502884,N/A,HOLSTEIN FRIESIAN,Female,07/11/2017,UK107189401868,20/07/2018,0 yrs  8 mths,,14/05/2020,31/377/0042 Nafferton Farm,,,08/08/2019,No,,,,,30,
209018730,2886,UK107189702886,N/A,BRITISH FRIESIAN X,Female,07/11/2017,UK107189402358,20/07/2018,0 yrs  8 mths,,08/06/2020,31/377/0042 Nafferton Farm,,,08/08/2019,No,,,,,31,
209018738,2900,UK107189702900,N/A,HOLSTEIN FRIESIAN,Female,22/11/2017,UK107189401966,20/07/2018,0 yrs  8 mths,,08/06/2020,31/377/0042 Nafferton Farm,,,08/08/2019,No,,Old Age,,,30,
209018742,2911,UK107189402911,N/A,HOLSTEIN FRIESIAN,Female,05/12/2017,UK107189702193,20/07/2018,0 yrs  7 mths,,08/06/2020,31/377/0042 Nafferton Farm,,,08/08/2019,No,,,,,30,
209018743,2918,UK107189402918,N/A,HOLSTEIN FRIESIAN,Female,23/12/2017,UK107189701892,20/07/2018,0 yrs  7 mths,,08/06/2020,31/377/0042 Nafferton Farm,,,08/08/2019,No,,,,,29,
209018744,2920,UK107189602920,N/A,HOLSTEIN FRIESIAN,Female,28/12/2017,UK107189201502,20/07/2018,0 yrs  7 mths,,08/06/2020,31/377/0042 Nafferton Farm,,,08/08/2019,No,,,,,29,
209018745,2924,UK107189302924,N/A,HOLSTEIN FRIESIAN,Female,12/01/2018,UK107189201985,20/07/2018,0 yrs  6 mths,,08/06/2020,31/377/0042 Nafferton Farm,,,08/08/2019,No,,Old Age,,,29,
209018746,2925,UK107189402925,N/A,HOLSTEIN FRIESIAN,Female,14/01/2018,UK107189701381,20/07/2018,0 yrs  6 mths,,08/06/2020,31/377/0042 Nafferton Farm,,,08/08/2019,No,,,,,29,
209018747,2926,UK107189502926,N/A,HOLSTEIN FRIESIAN,Female,14/01/2018,UK107189102096,20/07/2018,0 yrs  6 mths,,08/06/2020,31/377/0042 Nafferton Farm,,,08/08/2019,No,,,,,29,
209018748,2927,UK107189602927,N/A,Swedish Red X,Female,14/01/2018,UK107189502471,20/07/2018,0 yrs  6 mths,,27/05/2020,linden foods,,,08/08/2019,No,,,,,28,
209018749,2929,UK107189102929,N/A,HOLSTEIN FRIESIAN,Female,18/01/2018,UK107189202181,20/07/2018,0 yrs  6 mths,,08/06/2020,31/377/0042 Nafferton Farm,,,08/08/2019,No,,Old Age,,,29,
209018750,2933,UK107189502933,N/A,HOLSTEIN FRIESIAN,Female,30/01/2018,UK107189602199,20/07/2018,0 yrs  6 mths,,14/05/2020,31/377/0042 Nafferton Farm,,,08/08/2019,No,,,,,27,
209018751,2934,UK107189602934,N/A,HOLSTEIN FRIESIAN,Female,30/01/2018,UK107189602199,20/07/2018,0 yrs  6 mths,,08/06/2020,31/377/0042 Nafferton Farm,,,08/08/2019,No,,Old Age,,,28,
209018752,2935,UK107189702935,N/A,HOLSTEIN FRIESIAN,Female,30/01/2018,UK107189601786,20/07/2018,0 yrs  6 mths,,14/05/2020,31/377/0042 Nafferton Farm,,,08/08/2019,No,,,,,27,
209018753,2936,UK107189102936,N/A,NORWEGIAN RED X,Female,30/01/2018,UK107189602479,20/07/2018,0 yrs  6 mths,,08/06/2020,31/377/0042 Nafferton Farm,,,08/08/2019,No,,,,,28,
209018754,2937,UK107189202937,N/A,HOLSTEIN FRIESIAN,Female,01/02/2018,UK107189102054,20/07/2018,0 yrs  5 mths,,08/06/2020,31/377/0042 Nafferton Farm,,,08/08/2019,No,,,,,28,
209018755,2938,UK107189302938,N/A,NORWEGIAN RED X,Female,01/02/2018,UK107189602493,20/07/2018,0 yrs  5 mths,,08/06/2020,31/377/0042 Nafferton Farm,,,08/08/2019,No,,,,,28,
209018756,2940,UK107189502940,N/A,HOLSTEIN FRIESIAN,Female,01/02/2018,UK107189601912,20/07/2018,0 yrs  5 mths,,08/06/2020,31/377/0042 Nafferton Farm,,,08/08/2019,No,,,,,28,
209018757,2946,UK107189402946,N/A,HOLSTEIN FRIESIAN,Female,09/02/2018,UK107189302168,20/07/2018,0 yrs  5 mths,,08/06/2020,31/377/0042 Nafferton Farm,,,08/08/2019,No,,,,,28,
209018758,2948,UK107189602948,N/A,HOLSTEIN FRIESIAN X,Female,09/02/2018,UK107189501568,20/07/2018,0 yrs  5 mths,,27/05/2020,linden foods,,,08/08/2019,No,,,,,27,
209018759,2951,UK107189202951,N/A,HOLSTEIN FRIESIAN,Female,11/02/2018,UK107189102243,14/08/2018,0 yrs  6 mths,,08/06/2020,31/377/0042 Nafferton Farm,,,08/08/2019,No,,,,,28,
209018760,2952,UK107189302952,N/A,HOLSTEIN FRIESIAN,Female,11/02/2018,UK107189201607,14/08/2018,0 yrs  6 mths,,08/06/2020,31/377/0042 Nafferton Farm,,,08/08/2019,No,,,,,28,
209018762,2963,UK107189702963,N/A,HOLSTEIN FRIESIAN,Female,26/02/2018,UK107189402218,14/08/2018,0 yrs  6 mths,,08/06/2020,31/377/0042 Nafferton Farm,,,08/08/2019,No,,,,,27,
209018763,2977,UK107189702977,N/A,HOLSTEIN FRIESIAN,Female,07/03/2018,UK107189501540,14/08/2018,0 yrs  5 mths,,08/06/2020,31/377/0042 Nafferton Farm,,,08/08/2019,No,,,,,27,
209018764,2979,UK107189202979,N/A,HOLSTEIN FRIESIAN,Female,09/03/2018,UK107189101732,14/08/2018,0 yrs  5 mths,,08/06/2020,31/377/0042 Nafferton Farm,,,08/08/2019,No,,,,,27,
209018765,2980,UK107189302980,N/A,HOLSTEIN FRIESIAN,Female,09/03/2018,UK107189201628,14/08/2018,0 yrs  5 mths,,08/06/2020,31/377/0042 Nafferton Farm,,,08/08/2019,No,,,,,27,
209018766,2988,UK107189402988,N/A,HOLSTEIN FRIESIAN,Female,18/03/2018,UK107189101774,14/08/2018,0 yrs  5 mths,,08/06/2020,31/377/0042 Nafferton Farm,,,08/08/2019,No,,Old Age,,,27,
209018767,3000,UK107189203000,N/A,HOLSTEIN FRIESIAN,Female,29/03/2018,UK107189201733,14/08/2018,0 yrs  5 mths,,08/06/2020,31/377/0042 Nafferton Farm,,,08/08/2019,No,,,,,26,
209018768,3001,UK107189303001,N/A,HOLSTEIN FRIESIAN X,Female,30/03/2018,UK107189102026,14/08/2018,0 yrs  5 mths,,08/06/2020,31/377/0042 Nafferton Farm,,,08/08/2019,No,,,,,26,
209018769,3009,UK107189403009,N/A,HOLSTEIN FRIESIAN,Female,25/04/2018,UK107189401798,14/08/2018,0 yrs  4 mths,,08/06/2020,31/377/0042 Nafferton Farm,,,08/08/2019,No,fb,,,,25,
209018770,3010,UK107189503010,N/A,HOLSTEIN FRIESIAN,Female,27/04/2018,UK106386401081,14/08/2018,0 yrs  4 mths,,08/06/2020,31/377/0042 Nafferton Farm,,,08/08/2019,No,,Old Age,,,25,
209018771,3011,UK107189603011,N/A,HOLSTEIN FRIESIAN,Female,29/04/2018,UK107189402204,14/08/2018,0 yrs  4 mths,,14/05/2020,31/377/0042 Nafferton Farm,,,08/08/2019,No,,,,,24,
209018772,3013,UK107189103013,N/A,HOLSTEIN FRIESIAN,Female,13/05/2018,UK107189602066,14/08/2018,0 yrs  3 mths,,08/06/2020,31/377/0042 Nafferton Farm,,,08/08/2019,No,,,,,25,
209018773,3019,UK107189703019,N/A,HOLSTEIN FRIESIAN,Female,30/05/2018,UK107189101375,20/09/2018,0 yrs  4 mths,,14/05/2020,31/377/0042 Nafferton Farm,,,08/08/2019,No,,,,,23,
209018775,3021,UK107189203021,N/A,HOLSTEIN FRIESIAN,Female,02/06/2018,UK107189301825,20/09/2018,0 yrs  3 mths,,14/05/2020,31/377/0042 Nafferton Farm,,,08/08/2019,No,,,,,23,
209018776,3026,UK107189703026,N/A,Holstein,Female,26/06/2018,UK106710102202,20/09/2018,0 yrs  3 mths,,08/06/2020,31/377/0042 Nafferton Farm,,,08/08/2019,No,,,,,23,
209018777,3027,UK107189103027,N/A,Holstein,Female,26/06/2018,UK106710101992,20/09/2018,0 yrs  3 mths,,08/06/2020,31/377/0042 Nafferton Farm,,,08/08/2019,No,,,,,23,
209018778,3029,UK107189303029,N/A,Holstein,Female,26/06/2018,UK106710302358,20/09/2018,0 yrs  3 mths,,27/05/2020,linden foods,,,08/08/2019,No,,,,,23,
209018779,3035,UK107189203035,N/A,Holstein,Female,27/06/2018,UK106710601829,20/09/2018,0 yrs  3 mths,,08/06/2020,31/377/0042 Nafferton Farm,,,08/08/2019,No,,,,,23,
209018620,72,UK106710402541,N/A,HOLSTEIN FRIESIAN,Female,09/03/2017,UK106710502143,01/10/2018,1 yrs  7 mths,,,31/377/0042 Nafferton Farm,19/11/2020,Warrens Deadstock,08/08/2019,No,na,Injury,,,45,
209018630,2580,UK106710102580,N/A,Holstein,Female,04/06/2017,UK106710301434,01/10/2018,1 yrs  4 mths,,08/06/2020,31/377/0042 Nafferton Farm,,,08/08/2019,No,,,,,36,
209018635,2602,UK106710202602,N/A,HOLSTEIN FRIESIAN,Female,08/07/2017,UK106710601829,01/10/2018,1 yrs  3 mths,,27/05/2020,linden foods,,,08/08/2019,No,,,,,35,
209018636,2603,UK106710302603,N/A,HOLSTEIN FRIESIAN,Female,10/07/2017,UK106710702180,01/10/2018,1 yrs  3 mths,,04/02/2021,31/377/0042 Nafferton Farm,,,08/08/2019,No,,,,,43,
209018639,2611,UK106710402611,N/A,HOLSTEIN FRIESIAN,Female,24/07/2017,UK106710401603,01/10/2018,1 yrs  3 mths,,,,,,08/08/2019,No,,,,,45,
209018700,2829,UK107189602829,N/A,BRITISH FRIESIAN X,Female,14/08/2017,UK107189701402,01/10/2018,1 yrs  2 mths,,08/06/2020,31/377/0042 Nafferton Farm,,,08/08/2019,No,,,,,34,
209018782,3049,UK107189203049,N/A,HOLSTEIN FRIESIAN,Female,15/07/2018,UK107189401364,12/10/2018,0 yrs  3 mths,,14/05/2020,31/377/0042 Nafferton Farm,,,08/08/2019,No,,,,,22,
209018783,3052,UK107189503052,N/A,Holstein,Female,15/07/2018,UK106710302372,12/10/2018,0 yrs  3 mths,,14/05/2020,31/377/0042 Nafferton Farm,,,08/08/2019,No,,,,,22,
209018784,3053,UK107189603053,N/A,Holstein,Female,15/07/2018,UK106710402352,12/10/2018,0 yrs  3 mths,,14/05/2020,31/377/0042 Nafferton Farm,,,08/08/2019,No,,,,,22,
209018785,3056,UK107189203056,N/A,Holstein,Female,27/07/2018,UK106710602354,12/10/2018,0 yrs  3 mths,,14/05/2020,31/377/0042 Nafferton Farm,,,08/08/2019,No,,,,,21,
209018787,3059,UK107189503059,N/A,HOLSTEIN FRIESIAN,Female,20/07/2018,UK107189101970,12/10/2018,0 yrs  3 mths,,14/05/2020,31/377/0042 Nafferton Farm,,,08/08/2019,No,,,,,22,
209018789,3066,UK107189503066,N/A,HOLSTEIN FRIESIAN,Female,02/08/2018,UK107189301811,14/11/2018,0 yrs  3 mths,,14/05/2020,31/377/0042 Nafferton Farm,,,08/08/2019,No,,,,,21,
209018790,3070,UK107189203070,N/A,Holstein,Female,09/08/2018,UK106710302204,14/11/2018,0 yrs  3 mths,,14/05/2020,31/377/0042 Nafferton Farm,,,08/08/2019,No,,,,,21,
209018791,3071,UK107189303071,N/A,HOLSTEIN FRIESIAN,Female,09/08/2018,UK107189101620,14/11/2018,0 yrs  3 mths,,14/05/2020,31/377/0042 Nafferton Farm,,,08/08/2019,No,,,,,21,
209018792,3087,UK107189503087,N/A,HOLSTEIN FRIESIAN X,Female,24/08/2018,UK107189401980,14/11/2018,0 yrs  3 mths,,09/04/2021,31/377/0042 Nafferton Farm,,,08/08/2019,No,,,,,31,
209018793,3091,UK107189203091,N/A,HOLSTEIN FRIESIAN,Female,30/08/2018,UK106710502010,14/11/2018,0 yrs  3 mths,,14/05/2020,31/377/0042 Nafferton Farm,,,08/08/2019,No,,,,,20,
209018795,3095,UK107189603095,N/A,HOLSTEIN FRIESIAN,Female,10/09/2018,UK106710202119,14/11/2018,0 yrs  2 mths,,14/05/2020,31/377/0042 Nafferton Farm,,,08/08/2019,No,,,,,20,
209018685,2777,UK107189302777,N/A,Swedish Red X,Female,08/03/2017,UK107189402204,01/12/2018,1 yrs  9 mths,,08/06/2020,31/377/0042 Nafferton Farm,,,08/08/2019,No,,,,,39,
209018687,2789,UK107189102789,N/A,BRITISH FRIESIAN X,Female,23/03/2017,UK107189101879,01/12/2018,1 yrs  9 mths,,08/06/2020,31/377/0042 Nafferton Farm,,,08/08/2019,No,,,,,39,
209018702,2835,UK107189502835,N/A,BRITISH FRIESIAN X,Female,11/09/2017,UK107189301685,01/12/2018,1 yrs  3 mths,,08/06/2020,31/377/0042 Nafferton Farm,,,08/08/2019,No,,,,,33,
209018703,2836,UK107189602836,N/A,BRITISH FRIESIAN X,Female,11/09/2017,UK107189301685,01/12/2018,1 yrs  3 mths,,08/06/2020,31/377/0042 Nafferton Farm,,,08/08/2019,No,,,,,33,
209018704,2838,UK107189102838,N/A,HOLSTEIN FRIESIAN,Female,13/09/2017,UK107189401980,01/12/2018,1 yrs  3 mths,,08/06/2020,31/377/0042 Nafferton Farm,,,08/08/2019,No,,,,,33,
209018712,2856,UK107189502856,N/A,HOLSTEIN FRIESIAN,Female,01/10/2017,UK107189601604,01/12/2018,1 yrs  2 mths,,08/06/2020,31/377/0042 Nafferton Farm,,,08/08/2019,No,,,,,32,
209018796,3096,UK107189703096,N/A,HOLSTEIN FRIESIAN,Female,11/09/2018,UK107189202125,19/12/2018,0 yrs  3 mths,,,,24/12/2020,Warrens Deadstock,08/08/2019,No,,,,,27,
209018797,3101,UK107189503101,N/A,HOLSTEIN FRIESIAN,Female,18/09/2018,UK107189201369,19/12/2018,0 yrs  3 mths,,14/05/2020,31/377/0042 Nafferton Farm,,,08/08/2019,No,,,,,20,
209018798,3104,UK107189103104,N/A,HOLSTEIN FRIESIAN,Female,23/09/2018,UK106710102167,19/12/2018,0 yrs  3 mths,,23/02/2021,31/377/0042 Nafferton Farm,,,08/08/2019,No,,,,,29,
209018799,3105,UK107189203105,N/A,HOLSTEIN FRIESIAN,Female,26/09/2018,UK106710201678,19/12/2018,0 yrs  3 mths,,14/05/2020,31/377/0042 Nafferton Farm,,,08/08/2019,No,,,,,19,
209018800,3106,UK107189303106,N/A,HOLSTEIN FRIESIAN,Female,28/09/2018,UK107189101627,19/12/2018,0 yrs  3 mths,,14/05/2020,31/377/0042 Nafferton Farm,,,08/08/2019,No,,,,,19,
209018801,3107,UK107189403107,N/A,HOLSTEIN FRIESIAN,Female,30/09/2018,UK107189202636,19/12/2018,0 yrs  3 mths,,14/05/2020,31/377/0042 Nafferton Farm,,,08/08/2019,No,,,,,19,
209018802,3111,UK107189103111,N/A,HOLSTEIN FRIESIAN,Female,05/10/2018,UK106710302050,23/01/2019,0 yrs  3 mths,,14/05/2020,31/377/0042 Nafferton Farm,,,08/08/2019,No,,,,,19,
209018803,3112,UK107189203112,N/A,HOLSTEIN FRIESIAN,Female,10/10/2018,UK106710701977,23/01/2019,0 yrs  3 mths,,23/02/2021,31/377/0042 Nafferton Farm,,,08/08/2019,No,,,,,28,
209018804,3114,UK107189403114,N/A,HOLSTEIN FRIESIAN,Female,15/10/2018,UK107189702123,23/01/2019,0 yrs  3 mths,,14/05/2020,31/377/0042 Nafferton Farm,,,08/08/2019,No,,,,,19,
209018805,3117,UK107189703117,N/A,HOLSTEIN FRIESIAN,Female,16/10/2018,UK107189302056,23/01/2019,0 yrs  3 mths,,23/02/2021,31/377/0042 Nafferton Farm,,,08/08/2019,No,,,,,28,
209018806,3126,UK107189203126,N/A,HOLSTEIN FRIESIAN,Female,22/10/2018,UK107189501232,23/01/2019,0 yrs  3 mths,,14/05/2020,31/377/0042 Nafferton Farm,,,08/08/2019,No,,,,,19,
209018807,3127,UK107189303127,N/A,HOLSTEIN FRIESIAN,Female,27/10/2018,UK107189602472,23/01/2019,0 yrs  3 mths,,14/05/2020,31/377/0042 Nafferton Farm,,,08/08/2019,No,,,,,18,
209018808,3128,UK107189403128,N/A,HOLSTEIN FRIESIAN,Female,27/10/2018,UK107189601730,23/01/2019,0 yrs  3 mths,,14/05/2020,31/377/0042 Nafferton Farm,,,08/08/2019,No,,,,,18,
209018809,3131,UK107189703131,N/A,HOLSTEIN FRIESIAN,Female,27/10/2018,UK107189401679,23/01/2019,0 yrs  3 mths,,14/05/2020,31/377/0042 Nafferton Farm,,,08/08/2019,No,,,,,18,
209018810,3135,UK107189403135,N/A,HOLSTEIN FRIESIAN,Female,31/10/2018,UK107189502408,23/01/2019,0 yrs  3 mths,,14/05/2020,31/377/0042 Nafferton Farm,,,08/08/2019,No,,,,,18,
209018811,3136,UK107189503136,N/A,HOLSTEIN FRIESIAN,Female,31/10/2018,UK107189602178,23/01/2019,0 yrs  3 mths,,23/02/2021,31/377/0042 Nafferton Farm,,,08/08/2019,No,,,,,28,
209018812,3140,UK107189203140,N/A,HOLSTEIN FRIESIAN X,Female,05/11/2018,UK107189401763,23/01/2019,0 yrs  2 mths,,14/05/2020,31/377/0042 Nafferton Farm,,,08/08/2019,No,,,,,18,
209018813,3144,UK107189603144,N/A,HOLSTEIN FRIESIAN,Female,07/11/2018,UK107189301993,23/01/2019,0 yrs  2 mths,,14/05/2020,31/377/0042 Nafferton Farm,,,08/08/2019,No,,,,,18,
209018814,3145,UK107189703145,N/A,HOLSTEIN FRIESIAN,Female,08/11/2018,UK107189602101,23/01/2019,0 yrs  2 mths,,14/05/2020,31/377/0042 Nafferton Farm,,,08/08/2019,No,,,,,18,
209018815,3146,UK107189103146,N/A,HOLSTEIN FRIESIAN,Female,08/11/2018,UK107189102362,23/01/2019,0 yrs  2 mths,,14/05/2020,31/377/0042 Nafferton Farm,,,08/08/2019,No,,,,,18,
209018816,3151,UK107189603151,N/A,HOLSTEIN FRIESIAN,Female,14/11/2018,UK107189102369,23/01/2019,0 yrs  2 mths,,23/02/2021,31/377/0042 Nafferton Farm,,,08/08/2019,No,,,,,27,
209018817,3157,UK107189503157,N/A,HOLSTEIN FRIESIAN,Female,16/11/2018,UK107189102138,07/03/2019,0 yrs  4 mths,,14/05/2020,31/377/0042 Nafferton Farm,,,08/08/2019,No,,,,,18,
209018818,3163,UK107189403163,N/A,HOLSTEIN FRIESIAN,Female,23/11/2018,UK107189602535,07/03/2019,0 yrs  4 mths,,14/05/2020,31/377/0042 Nafferton Farm,,,08/08/2019,No,,,,,17,
209018819,3165,UK107189603165,N/A,HOLSTEIN FRIESIAN,Female,25/11/2018,UK107189202209,07/03/2019,0 yrs  4 mths,,23/02/2021,31/377/0042 Nafferton Farm,,,08/08/2019,No,,,,,27,
209018820,3168,UK107189203168,N/A,HOLSTEIN FRIESIAN,Female,25/11/2018,UK107189502576,07/03/2019,0 yrs  4 mths,,,,,,08/08/2019,No,,,,,29,
209018821,3169,UK107189303169,N/A,HOLSTEIN FRIESIAN,Female,25/11/2018,UK107189502576,07/03/2019,0 yrs  4 mths,,23/02/2021,31/377/0042 Nafferton Farm,,,08/08/2019,No,,,,,27,
209018822,3172,UK107189603172,N/A,HOLSTEIN FRIESIAN,Female,29/11/2018,UK107189102530,07/03/2019,0 yrs  4 mths,,14/05/2020,31/377/0042 Nafferton Farm,,,08/08/2019,No,,,,,17,
209018824,3175,UK107189203175,N/A,HOLSTEIN FRIESIAN,Female,01/12/2018,UK107189202566,07/03/2019,0 yrs  3 mths,,23/02/2021,31/377/0042 Nafferton Farm,,,08/08/2019,No,,,,,27,
209018825,3178,UK107189503178,N/A,HOLSTEIN FRIESIAN,Female,03/12/2018,UK107189102621,07/03/2019,0 yrs  3 mths,,23/02/2021,31/377/0042 Nafferton Farm,,,08/08/2019,No,,,,,27,
209018826,3179,UK107189603179,N/A,HOLSTEIN FRIESIAN,Female,03/12/2018,UK107189202622,07/03/2019,0 yrs  3 mths,,23/02/2021,31/377/0042 Nafferton Farm,,,08/08/2019,No,,,,,27,
209018827,3183,UK107189303183,N/A,HOLSTEIN FRIESIAN,Female,12/12/2018,UK107189101452,07/03/2019,0 yrs  3 mths,,18/03/2021,31/377/0042 Nafferton Farm,,,08/08/2019,No,,,,,27,
209018828,3185,UK107189503185,N/A,HOLSTEIN FRIESIAN,Female,18/12/2018,UK107189602633,07/03/2019,0 yrs  3 mths,,09/04/2021,31/377/0042 Nafferton Farm,,,08/08/2019,No,,,,,28,
209018837,3204,UK107189303204,N/A,HOLSTEIN FRIESIAN,Female,08/01/2019,UK107189102558,07/03/2019,0 yrs  2 mths,,23/02/2021,31/377/0042 Nafferton Farm,,,08/08/2019,No,,,,,25,
209018823,3174,UK107189103174,N/A,HOLSTEIN FRIESIAN,Female,09/03/2019,UK106710202294,27/03/2019,0 yrs  0 mths,,09/04/2021,31/377/0042 Nafferton Farm,,,08/08/2019,No,cy,,,,25,
209018829,3186,UK107189603186,N/A,HOLSTEIN FRIESIAN,Female,18/12/2018,UK107189101795,27/03/2019,0 yrs  3 mths,,23/02/2021,31/377/0042 Nafferton Farm,,,08/08/2019,No,,,,,26,
209018830,3188,UK107189103188,N/A,HOLSTEIN FRIESIAN,Female,22/12/2018,UK107189402645,27/03/2019,0 yrs  3 mths,,23/02/2021,31/377/0042 Nafferton Farm,,,08/08/2019,No,,,,,26,
209018831,3191,UK107189403191,N/A,Swedish Red X,Female,25/12/2018,UK107189202314,27/03/2019,0 yrs  3 mths,,23/02/2021,31/377/0042 Nafferton Farm,,,08/08/2019,No,,,,,26,
209018832,3193,UK107189603193,N/A,HOLSTEIN FRIESIAN,Female,26/12/2018,UK107189302588,27/03/2019,0 yrs  3 mths,,,,03/03/2021,Warrens Deadstock,08/08/2019,No,,,,,26,
209018834,3196,UK107189203196,N/A,HOLSTEIN FRIESIAN,Female,27/12/2018,UK106710302267,27/03/2019,0 yrs  3 mths,,09/04/2021,31/377/0042 Nafferton Farm,,,08/08/2019,No,,,,,27,
209018835,3197,UK107189303197,N/A,HOLSTEIN FRIESIAN,Female,27/12/2018,UK106710702229,27/03/2019,0 yrs  3 mths,,23/02/2021,31/377/0042 Nafferton Farm,,,08/08/2019,No,,,,,26,
209018836,3198,UK107189403198,N/A,HOLSTEIN FRIESIAN,Female,27/12/2018,UK106710502003,27/03/2019,0 yrs  3 mths,,23/02/2021,31/377/0042 Nafferton Farm,,,08/08/2019,No,,,,,26,
209018838,3208,UK107189703208,N/A,HOLSTEIN FRIESIAN,Female,16/01/2019,UK107189602059,30/04/2019,0 yrs  3 mths,,08/06/2020,31/377/0042 Nafferton Farm,,,08/08/2019,No,,,,,16,
209018839,3209,UK107189103209,N/A,HOLSTEIN FRIESIAN,Female,17/01/2019,UK106710602256,30/04/2019,0 yrs  3 mths,,23/02/2021,31/377/0042 Nafferton Farm,,,08/08/2019,No,,,,,25,
209018840,3210,UK107189203210,N/A,HOLSTEIN FRIESIAN,Female,20/01/2019,UK107189102145,30/04/2019,0 yrs  3 mths,,14/05/2020,31/377/0042 Nafferton Farm,,,08/08/2019,No,,,,,16,
209018841,3211,UK107189303211,N/A,HOLSTEIN FRIESIAN,Female,21/01/2019,UK107189402057,30/04/2019,0 yrs  3 mths,,23/02/2021,31/377/0042 Nafferton Farm,,,08/08/2019,No,,,,,25,
209018842,3213,UK107189503213,N/A,HOLSTEIN FRIESIAN,Female,22/01/2019,UK106710502150,30/04/2019,0 yrs  3 mths,,09/04/2021,31/377/0042 Nafferton Farm,,,08/08/2019,No,,,,,26,
209018843,3214,UK107189603214,N/A,HOLSTEIN FRIESIAN,Female,25/01/2019,UK106710201853,30/04/2019,0 yrs  3 mths,,23/02/2021,31/377/0042 Nafferton Farm,,,08/08/2019,No,,,,,25,
209018844,3215,UK107189703215,N/A,MONTBELIARDE X,Female,26/01/2019,UK107189501568,30/04/2019,0 yrs  3 mths,,,,,,08/08/2019,No,,,,,27,
209018845,3216,UK107189103216,N/A,HOLSTEIN FRIESIAN X,Female,26/01/2019,UK107189402393,30/04/2019,0 yrs  3 mths,,23/02/2021,31/377/0042 Nafferton Farm,,,08/08/2019,No,,,,,25,
209018846,3217,UK107189203217,N/A,HOLSTEIN FRIESIAN,Female,01/02/2019,UK107189402183,30/04/2019,0 yrs  2 mths,,23/02/2021,31/377/0042 Nafferton Farm,,,08/08/2019,No,,,,,25,
209018847,3218,UK107189303218,N/A,HOLSTEIN FRIESIAN,Female,10/02/2019,UK106710302141,30/04/2019,0 yrs  2 mths,,14/05/2020,31/377/0042 Nafferton Farm,,,08/08/2019,No,,,,,15,
209018851,3231,UK107189203231,N/A,HOLSTEIN FRIESIAN X,Female,18/02/2019,UK107189702466,30/04/2019,0 yrs  2 mths,,23/02/2021,31/377/0042 Nafferton Farm,,,08/08/2019,No,,,,,24,
209018852,3232,UK107189303232,N/A,HOLSTEIN FRIESIAN,Female,18/02/2019,UK107189202055,30/04/2019,0 yrs  2 mths,,09/04/2021,31/377/0042 Nafferton Farm,,,08/08/2019,No,,,,,26,
209018853,3235,UK107189603235,N/A,HOLSTEIN FRIESIAN,Female,18/02/2019,UK106710602249,30/04/2019,0 yrs  2 mths,,09/04/2021,31/377/0042 Nafferton Farm,,,08/08/2019,No,,,,,26,
209018861,3258,UK107189103258,N/A,HOLSTEIN FRIESIAN,Female,14/03/2019,UK107189601912,30/04/2019,0 yrs  1 mths,,23/02/2021,31/377/0042 Nafferton Farm,,,08/08/2019,No,,,,,23,
209018848,3227,UK107189503227,N/A,HOLSTEIN FRIESIAN,Female,16/02/2019,UK106710302127,24/05/2019,0 yrs  3 mths,,23/02/2021,31/377/0042 Nafferton Farm,,,08/08/2019,No,,,,,24,
209018849,3228,UK107189603228,N/A,HOLSTEIN FRIESIAN X,Female,17/02/2019,UK107189502443,24/05/2019,0 yrs  3 mths,,23/02/2021,31/377/0042 Nafferton Farm,,,08/08/2019,No,,,,,24,
209018850,3229,UK107189703229,N/A,HOLSTEIN FRIESIAN X,Female,17/02/2019,UK107189501281,24/05/2019,0 yrs  3 mths,,09/04/2021,31/377/0042 Nafferton Farm,,,08/08/2019,No,,,,,26,
209018854,3236,UK107189703236,N/A,HOLSTEIN FRIESIAN,Female,19/02/2019,UK107189202307,24/05/2019,0 yrs  3 mths,,23/02/2021,31/377/0042 Nafferton Farm,,,08/08/2019,No,,,,,24,
209018856,3243,UK107189703243,N/A,HOLSTEIN FRIESIAN,Female,27/02/2019,UK107189302469,24/05/2019,0 yrs  3 mths,,09/04/2021,31/377/0042 Nafferton Farm,,,08/08/2019,No,fb,,,,25,
209018857,3249,UK107189603249,N/A,HOLSTEIN FRIESIAN,Female,09/03/2019,UK107189602430,24/05/2019,0 yrs  2 mths,,09/04/2021,31/377/0042 Nafferton Farm,,,08/08/2019,No,,,,,25,
209018858,3251,UK107189103251,N/A,HOLSTEIN FRIESIAN,Female,12/03/2019,UK106710102090,24/05/2019,0 yrs  2 mths,,09/04/2021,31/377/0042 Nafferton Farm,,,08/08/2019,No,,,,,25,
209018859,3253,UK107189303253,N/A,HOLSTEIN FRIESIAN,Female,13/03/2019,UK106710302246,24/05/2019,0 yrs  2 mths,,23/02/2021,31/377/0042 Nafferton Farm,,,08/08/2019,No,,,,,23,
209018860,,UK107189403254,N/A,HOLSTEIN FRIESIAN,Female,13/03/2019,UK106710301910,24/05/2019,0 yrs  2 mths,,,,26/11/2020,Warrens Deadstock,08/08/2019,No,,,,,20,
209018862,3259,UK107189203259,N/A,HOLSTEIN FRIESIAN,Female,17/04/2019,UK106710101922,24/05/2019,0 yrs  1 mths,,09/04/2021,31/377/0042 Nafferton Farm,,,08/08/2019,No,,,,,24,
209018863,3260,UK107189303260,N/A,HOLSTEIN FRIESIAN,Female,17/03/2019,UK107189702319,24/05/2019,0 yrs  2 mths,,09/04/2021,31/377/0042 Nafferton Farm,,,08/08/2019,No,,,,,25,
209018614,,UK106143100424,N/A,BEEF SHORTHORN,Male,22/02/2018,UK560901301237,27/06/2019,1 yrs  4 mths,,08/06/2020,31/377/0042 Nafferton Farm,,,08/08/2019,No,,,UK582059601353,,27,
209094015,3310,UK107189403310,Black and White,HOLSTEIN FRIESIAN,Female,13/04/2019,UK106710202266,09/09/2019,0 yrs  5 mths,,,,,,30/10/2019,No,FW wrong,,,,24,
209094018,3331,UK107189403331,Black,HOLSTEIN FRIESIAN,Female,15/05/2019,UK107189202426,09/09/2019,0 yrs  4 mths,,09/04/2021,31/377/0042 Nafferton Farm,,,30/10/2019,No,FW wrong,,,,23,
209094019,0344,UK107189303344,Black and White,HOLSTEIN FRIESIAN,Female,15/06/2019,UK106710601962,09/09/2019,0 yrs  3 mths,,09/04/2021,31/377/0042 Nafferton Farm,,,30/10/2019,No,FW wrong,,,,22,
209094024,0716,UK107189403345,Black and White,HOLSTEIN FRIESIAN,Female,24/06/2019,UK107189201628,09/09/2019,0 yrs  3 mths,,09/04/2021,31/377/0042 Nafferton Farm,,,30/10/2019,No,FW wrong,,,,21,
209094025,0461,UK140858600461,Black and White,Longhorn,Male,13/05/2017,,11/10/2019,2 yrs  5 mths,,,,,,30/10/2019,No,FW wrong,,,,47,
209094026,,UK140858600468,Brown & White,Longhorn,Male,21/01/2018,,11/10/2019,1 yrs  9 mths,,,,,,30/10/2019,No,FW wrong,,,,39,
209094027,,UK140858400480,Brown & White,Longhorn,Male,07/04/2018,,11/10/2019,1 yrs  6 mths,,,,,,30/10/2019,No,FW wrong,,,,37,
209150571,3376,UK107189703376,N/A,HOLSTEIN FRIESIAN,Female,26/08/2019,UK106710101992,18/12/2019,0 yrs  4 mths,Newcastle University,09/04/2021,31/377/0042 Nafferton Farm,,,18/12/2019,No,,,UNKNOWN SIRE,,19,
209150572,3378,UK107189203378,N/A,Aberdeen-Angus,Female,21/09/2019,UK106710102517,18/12/2019,0 yrs  3 mths,Newcastle University,,,,,18/12/2019,No,FW wrong,,,,19,
209150573,3384,UK107189103384,N/A,HOLSTEIN FRIESIAN,Female,23/09/2019,UK107189202244,18/12/2019,0 yrs  3 mths,Newcastle University,09/04/2021,31/377/0042 Nafferton Farm,,,18/12/2019,No,,,LEGEND-MAKER VICTOR BLF BYF CNFCVFDPFRDF,,18,
209150574,3375,UK107189603375,N/A,HOLSTEIN FRIESIAN,Female,03/09/2019,UK107189702676,18/12/2019,0 yrs  3 mths,Newcastle University,,,,,18/12/2019,No,,,,,19,
209150575,3383,UK107189703383,N/A,HOLSTEIN FRIESIAN,Female,23/09/2019,UK106710202000,18/12/2019,0 yrs  3 mths,Newcastle University,09/04/2021,31/377/0042 Nafferton Farm,,,18/12/2019,No,,,SANDY-VALLEY AMERIX ET BLFBYFCNFCVFDPF,,18,
209150576,3385,UK107189203385,N/A,BRITISH BLUE,Female,23/09/2019,UK107189202636,18/12/2019,0 yrs  3 mths,Newcastle University,09/04/2021,31/377/0042 Nafferton Farm,,,18/12/2019,No,FW wrong,,UNKNOWN SIRE,,18,
209227146,698,UK107189703278,N/A,HOLSTEIN FRIESIAN,Female,24/03/2019,UK106710202315,24/02/2020,0 yrs  11 mths,Newcastle University,09/04/2021,31/377/0042 Nafferton Farm,,,10/03/2020,No,,,,,24,
209227147,699,UK107189103279,N/A,HOLSTEIN FRIESIAN,Female,24/03/2019,UK107189502338,24/02/2020,0 yrs  11 mths,Newcastle University,09/04/2021,31/377/0042 Nafferton Farm,,,10/03/2020,No,,,,,24,
209227148,3295,UK107189303295,N/A,HOLSTEIN FRIESIAN,Female,01/04/2019,UK107189202384,24/02/2020,0 yrs  10 mths,Newcastle University,09/04/2021,31/377/0042 Nafferton Farm,,,10/03/2020,No,,,,,24,
209227149,3301,UK107189203301,N/A,HOLSTEIN FRIESIAN,Female,05/04/2019,UK106710602144,24/02/2020,0 yrs  10 mths,Newcastle University,09/04/2021,31/377/0042 Nafferton Farm,,,10/03/2020,No,,,,,24,
209227150,3308,UK107189203308,N/A,HOLSTEIN FRIESIAN,Female,11/04/2019,UK107189302035,24/02/2020,0 yrs  10 mths,Newcastle University,09/04/2021,31/377/0042 Nafferton Farm,,,10/03/2020,No,,,,,24,
209227151,3311,UK107189503311,N/A,HOLSTEIN FRIESIAN,Female,13/04/2019,UK107189502317,24/02/2020,0 yrs  10 mths,Newcastle University,09/04/2021,31/377/0042 Nafferton Farm,,,10/03/2020,No,,,,,24,
209227152,3313,UK107189703313,N/A,HOLSTEIN FRIESIAN,Female,14/04/2019,UK107189602479,24/02/2020,0 yrs  10 mths,Newcastle University,23/02/2021,31/377/0042 Nafferton Farm,,,10/03/2020,No,,,,,22,
209227153,3318,UK107189503318,N/A,HOLSTEIN FRIESIAN X,Female,27/04/2019,UK107189202440,24/02/2020,0 yrs  10 mths,Newcastle University,09/04/2021,31/377/0042 Nafferton Farm,,,10/03/2020,No,,,,,23,
209227154,3321,UK107189103321,N/A,HOLSTEIN FRIESIAN,Female,07/05/2019,UK107189402463,24/02/2020,0 yrs  9 mths,Newcastle University,09/04/2021,31/377/0042 Nafferton Farm,,,10/03/2020,No,,,,,23,
209227155,3325,UK107189503325,N/A,HOLSTEIN FRIESIAN X,Female,08/05/2019,UK107189201768,24/02/2020,0 yrs  9 mths,Newcastle University,09/04/2021,31/377/0042 Nafferton Farm,,,10/03/2020,No,,,,,23,
209227156,3326,UK107189603326,N/A,HOLSTEIN FRIESIAN,Female,09/05/2019,UK106710101838,24/02/2020,0 yrs  9 mths,Newcastle University,09/04/2021,31/377/0042 Nafferton Farm,,,10/03/2020,No,,,,,23,
209227157,3327,UK107189703327,N/A,Swedish Red X,Female,09/05/2019,UK107189202475,24/02/2020,0 yrs  9 mths,Newcastle University,09/04/2021,31/377/0042 Nafferton Farm,,,10/03/2020,No,,,,,23,
209227158,3328,UK107189103328,N/A,HOLSTEIN FRIESIAN,Female,14/05/2019,UK107189302532,24/02/2020,0 yrs  9 mths,Newcastle University,23/02/2021,31/377/0042 Nafferton Farm,,,10/03/2020,No,,,,,21,
209227159,719,UK107189203357,N/A,HOLSTEIN FRIESIAN,Female,17/07/2019,UK107189702508,24/02/2020,0 yrs  7 mths,Newcastle University,09/04/2021,31/377/0042 Nafferton Farm,,,10/03/2020,No,,,,,21,
209227160,720,UK107189603361,N/A,Holstein,Female,24/07/2019,UK106386401081,24/02/2020,0 yrs  7 mths,Newcastle University,09/04/2021,31/377/0042 Nafferton Farm,,,10/03/2020,No,,,,,20,
209227161,721,UK107189703362,N/A,HOLSTEIN FRIESIAN,Female,24/07/2019,UK106710702306,24/02/2020,0 yrs  7 mths,Newcastle University,09/04/2021,31/377/0042 Nafferton Farm,,,10/03/2020,No,,,,,20,
209227162,722,UK107189103363,N/A,Holstein,Female,26/07/2019,UK107189102488,24/02/2020,0 yrs  7 mths,Newcastle University,09/04/2021,31/377/0042 Nafferton Farm,,,10/03/2020,No,,,,,20,
209227163,3364,UK107189203364,N/A,HOLSTEIN FRIESIAN,Female,31/08/2019,UK106710102202,24/02/2020,0 yrs  6 mths,Newcastle University,09/04/2021,31/377/0042 Nafferton Farm,,,10/03/2020,No,,,,,19,
209227164,3366,UK107189403366,N/A,HOLSTEIN FRIESIAN,Female,31/08/2019,UK107189502212,24/02/2020,0 yrs  6 mths,Newcastle University,09/04/2021,31/377/0042 Nafferton Farm,,,10/03/2020,No,,,,,19,
209227165,3367,UK107189503367,N/A,HOLSTEIN FRIESIAN,Female,30/08/2019,UK106710501891,24/02/2020,0 yrs  6 mths,Newcastle University,,,,,10/03/2020,No,Breeding,,UNKNOWN SIRE,,20,
209227166,3370,UK107189103370,N/A,HOLSTEIN FRIESIAN,Female,27/08/2019,UK107189602066,24/02/2020,0 yrs  6 mths,Newcastle University,,,,,10/03/2020,No,,,,,20,
209227168,3381,UK107189503381,N/A,HOLSTEIN FRIESIAN,Female,22/09/2019,UK106710702362,24/02/2020,0 yrs  5 mths,Newcastle University,,,,,10/03/2020,No,,,UNKNOWN SIRE,,19,
209227169,3382,UK107189603382,N/A,HOLSTEIN FRIESIAN,Female,22/09/2019,UK106710102370,24/02/2020,0 yrs  5 mths,Newcastle University,,,07/12/2020,Warrens,10/03/2020,No,,,UNKNOWN SIRE,,14,
209227170,3392,UK107189203392,N/A,HOLSTEIN FRIESIAN,Female,03/10/2019,UK106710602095,24/02/2020,0 yrs  4 mths,Newcastle University,09/04/2021,31/377/0042 Nafferton Farm,,,10/03/2020,No,,,UNKNOWN SIRE,,18,
209227171,3395,UK107189503395,N/A,HOLSTEIN FRIESIAN,Female,08/10/2019,UK106710701991,24/02/2020,0 yrs  4 mths,Newcastle University,,,02/12/2020,Warrens,10/03/2020,No,,,UNKNOWN SIRE,,14,
209227172,3397,UK107189703397,N/A,HOLSTEIN FRIESIAN,Female,14/10/2019,UK106710402079,24/02/2020,0 yrs  4 mths,Newcastle University,,,,,10/03/2020,No,Change uk to UK,,,,18,
209227173,3398,UK107189103398,N/A,HOLSTEIN FRIESIAN,Female,14/10/2019,UK106710302134,24/02/2020,0 yrs  4 mths,Newcastle University,09/04/2021,31/377/0042 Nafferton Farm,,,10/03/2020,No,Changed from uk to UK,,UNKNOWN SIRE,,18,
209227174,,UK107189103405,Black and White,HOLSTEIN FRIESIAN,Female,01/01/2020,UK106710302582,24/02/2020,0 yrs  1 mths,Newcastle University,,,,,10/03/2020,No,uk,,HOLSTEIN,,15,
209227175,3402,UK107189503402,N/A,HOLSTEIN FRIESIAN,Female,03/11/2019,UK106710102349,24/02/2020,0 yrs  3 mths,Newcastle University,09/04/2021,31/377/0042 Nafferton Farm,,,10/03/2020,No,uk to UK,,HOLSTEIN,,17,
209227176,3403,UK107189603403,N/A,HOLSTEIN FRIESIAN,Female,03/11/2019,UK107189102740,24/02/2020,0 yrs  3 mths,Newcastle University,09/04/2021,31/377/0042 Nafferton Farm,,,10/03/2020,No,uk to UK,,HOLSTEIN,,17,
209227177,3404,UK107189703404,N/A,HOLSTEIN FRIESIAN,Female,03/11/2019,UK107189402750,24/02/2020,0 yrs  3 mths,Newcastle University,,,,,10/03/2020,No,uk to UK,,HOLSTEIN,,17,
209227178,3406,UK107189203406,N/A,Swedish Red X,Female,03/11/2019,UK107189102649,24/02/2020,0 yrs  3 mths,Newcastle University,,,,,10/03/2020,No,uk to UK,,HOLSTEIN,,17,
209227179,3407,UK107189303407,N/A,HOLSTEIN FRIESIAN,Female,03/11/2019,UK107189602654,24/02/2020,0 yrs  3 mths,Newcastle University,09/04/2021,31/377/0042 Nafferton Farm,,,10/03/2020,No,uk to UK,,HOLSTEIN,,17,
209227181,,UK107189603473,N/A,HOLSTEIN FRIESIAN,Female,10/01/2020,UK107189502401,24/02/2020,0 yrs  1 mths,Newcastle University,,,,,10/03/2020,No,update tag,,SANDY-VALLEY AMERIX ET BLFBYFCNFCVFDPF,,15,
209227182,,UK107189103475,N/A,Holstein,Female,30/12/2019,UK107189102215,24/02/2020,0 yrs  2 mths,Newcastle University,09/04/2021,31/377/0042 Nafferton Farm,,,10/03/2020,No,uk to UK,,CARREG SUPERMAN,,15,
209227183,,UK107189403429,N/A,HOLSTEIN FRIESIAN,Female,28/12/2019,UK106710702278,24/02/2020,0 yrs  2 mths,Newcastle University,,,,,10/03/2020,No,uk to UK,,CARREG SUPERMAN,,16,
209227185,,UK107189503430,N/A,HOLSTEIN FRIESIAN,Female,28/12/2019,UK107189602178,24/02/2020,0 yrs  2 mths,Newcastle University,,,,,10/03/2020,No,uk to UK,,CARREG SUPERMAN,,16,
209227186,,UK107189103419,N/A,HOLSTEIN FRIESIAN,Female,28/12/2019,UK106710102181,24/02/2020,0 yrs  2 mths,Newcastle University,09/04/2021,31/377/0042 Nafferton Farm,,,10/03/2020,No,uk to UK,,CARREG SUPERMAN,,15,
209227187,,UK107189303421,N/A,HOLSTEIN FRIESIAN,Female,28/12/2019,UK107189702641,24/02/2020,0 yrs  2 mths,Newcastle University,09/04/2021,31/377/0042 Nafferton Farm,,,10/03/2020,No,uk to UK,,CARREG SUPERMAN,,15,
209227188,,UK107189403422,N/A,HOLSTEIN FRIESIAN,Female,29/12/2019,UK107189102362,24/02/2020,0 yrs  2 mths,Newcastle University,,,,,10/03/2020,No,uk to UK,,WESTCOAST ALCOVE ET BLFBYFCNFCVFDPFRDF,,15,
209227189,,UK107189603424,N/A,HOLSTEIN FRIESIAN,Female,29/12/2019,UK107189102180,24/02/2020,0 yrs  2 mths,Newcastle University,,,,,10/03/2020,No,uk to UK,,UNKNOWN SIRE,,15,
209227190,,UK107189203427,N/A,HOLSTEIN FRIESIAN X,Female,30/12/2019,UK107189102460,24/02/2020,0 yrs  2 mths,Newcastle University,09/04/2021,31/377/0042 Nafferton Farm,,,10/03/2020,No,uk to UK,,CARREG SUPERMAN,,15,
209227191,,UK107189103426,N/A,Swedish Red X,Female,30/12/2019,UK107189702515,24/02/2020,0 yrs  2 mths,Newcastle University,,,,,10/03/2020,No,uk to UK,,GEN-I-BEQ ATTICO RED ET BLFBYFCNFCVFDPF,,15,
209227192,,UK107189503423,N/A,HOLSTEIN FRIESIAN,Female,30/12/2019,UK107189202566,24/02/2020,0 yrs  2 mths,Newcastle University,09/04/2021,31/377/0042 Nafferton Farm,,,10/03/2020,No,uk to UK,,,,15,
209227193,,UK107189203434,N/A,Holstein,Female,30/12/2019,UK107189601814,24/02/2020,0 yrs  2 mths,Newcastle University,,,,,10/03/2020,No,uk to UK,,CARREG SUPERMAN,,15,
209227194,,UK107189203476,N/A,HOLSTEIN FRIESIAN,Female,01/01/2020,UK106710701977,24/02/2020,0 yrs  1 mths,Newcastle University,09/04/2021,31/377/0042 Nafferton Farm,,,10/03/2020,No,uk to UK,,,,15,
209227195,,UK107189103433,N/A,HOLSTEIN FRIESIAN,Female,01/01/2020,UK106710702180,24/02/2020,0 yrs  1 mths,Newcastle University,,,,,10/03/2020,No,uk to UK,,CARREG SUPERMAN,,15,
209227196,,UK107189303435,N/A,HOLSTEIN FRIESIAN,Female,01/01/2020,UK106710301854,24/02/2020,0 yrs  1 mths,Newcastle University,,,,,10/03/2020,No,uk to UK,,,,15,
209227197,,UK107189603431,N/A,HOLSTEIN X,Female,01/01/2020,UK107189401847,24/02/2020,0 yrs  1 mths,Newcastle University,,,,,10/03/2020,No,uk to UK,,CARREG SUPERMAN,,15,
209227198,3369,UK107189703369,N/A,HOLSTEIN FRIESIAN,Female,27/08/2019,UK106710602277,24/02/2020,0 yrs  6 mths,Newcastle University,09/04/2021,31/377/0042 Nafferton Farm,,,10/03/2020,No,,,,,19,
209227199,3373,UK107189403373,N/A,HOLSTEIN FRIESIAN,Female,01/09/2019,UK106710102160,24/02/2020,0 yrs  5 mths,Newcastle University,09/04/2021,31/377/0042 Nafferton Farm,,,10/03/2020,No,,,,,19,
209227200,3400,UK107189303400,N/A,HOLSTEIN FRIESIAN,Female,15/10/2019,UK106710402506,24/02/2020,0 yrs  4 mths,Newcastle University,,,,,10/03/2020,No,,,,,18,
209490748,,UK107189203462,N/A,HOLSTEIN FRIESIAN,Female,02/01/2020,UK107189602213,13/05/2020,0 yrs  4 mths,Newcastle University,,,,,05/02/2021,No,uk to UK,,WESTCOAST ALCOVE ET BLFBYFCNFCVFDPFRDF,,15,
209490749,,UK107189103454,N/A,HOLSTEIN FRIESIAN,Female,01/01/2020,UK107189301748,13/05/2020,0 yrs  4 mths,Newcastle University,,,,,05/02/2021,No,uk to UK,,WESTCOAST ALCOVE ET BLFBYFCNFCVFDPFRDF,,15,
209490750,,UK107189603480,N/A,HOLSTEIN FRIESIAN,Female,25/01/2020,UK107189402183,13/05/2020,0 yrs  4 mths,Newcastle University,,,,,05/02/2021,No,,,CARREG SUPERMAN,,15,
209490751,,UK107189603487,N/A,HOLSTEIN FRIESIAN,Female,03/03/2020,UK106710202504,13/05/2020,0 yrs  2 mths,Newcastle University,,,,,05/02/2021,No,,,,,13,
209490752,,UK107189303477,N/A,HOLSTEIN FRIESIAN X,Female,12/01/2020,UK107189102208,13/05/2020,0 yrs  4 mths,Newcastle University,,,,,05/02/2021,No,,,LEGEND-MAKER VICTOR BLF BYF CNFCVFDPFRDF,,15,
209490753,,UK107189703467,N/A,HOLSTEIN FRIESIAN,Female,05/01/2020,UK107189501379,13/05/2020,0 yrs  4 mths,Newcastle University,,,,,05/02/2021,No,uk to UK,,WESTCOAST ALCOVE ET BLFBYFCNFCVFDPFRDF,,15,
209490754,,UK107189303484,N/A,Swedish Red X,Female,07/02/2020,UK107189602500,13/05/2020,0 yrs  3 mths,Newcastle University,,,,,05/02/2021,No,,,GEN-I-BEQ ATTICO RED ET BLFBYFCNFCVFDPF,,14,
209490755,,UK107189603466,N/A,HOLSTEIN FRIESIAN,Female,05/01/2020,UK106710401897,13/05/2020,0 yrs  4 mths,Newcastle University,,,,,05/02/2021,No,uk to UK,,LEGEND-MAKER VICTOR BLF BYF CNFCVFDPFRDF,,15,
209490756,,UK107189203469,N/A,Swedish Red X,Female,06/01/2020,UK107189202314,13/05/2020,0 yrs  4 mths,Newcastle University,,,,,05/02/2021,No,uk to UK,,,,15,
209490757,,UK107189503486,N/A,HOLSTEIN FRIESIAN,Female,24/02/2020,UK106710302141,13/05/2020,0 yrs  3 mths,Newcastle University,,,,,05/02/2021,No,,,UNKNOWN SIRE,,14,
209490758,,UK107189403478,N/A,HOLSTEIN FRIESIAN,Female,21/01/2020,UK107189502114,13/05/2020,0 yrs  4 mths,Newcastle University,,,,,05/02/2021,No,,,SANDY-VALLEY AMERIX ET BLFBYFCNFCVFDPF,,15,
209490759,,UK107189403471,N/A,HOLSTEIN FRIESIAN,Female,07/01/2020,UK107189101452,13/05/2020,0 yrs  4 mths,Newcastle University,,,,,05/02/2021,No,uk to UK,,CARREG SUPERMAN,,15,
209490760,,UK107189503409,N/A,HOLSTEIN FRIESIAN,Bull,03/11/2019,UK106710302169,13/05/2020,0 yrs  6 mths,Newcastle University,09/04/2021,31/377/0042 Nafferton Farm,,,05/02/2021,No,uk to UK,,WESTCOAST ALCOVE ET BLFBYFCNFCVFDPFRDF,,17,
209490772,,UK107189303505,N/A,BRITISH FRIESIAN X,Female,10/04/2020,UK107189702809,13/05/2020,0 yrs  1 mths,Newcastle University,08/06/2020,31/377/0042 Nafferton Farm,,,05/02/2021,No,,,,,1,
209490773,,UK107189203490,N/A,HOLSTEIN FRIESIAN,Female,03/03/2020,UK107189102495,13/05/2020,0 yrs  2 mths,Newcastle University,,,,,05/02/2021,No,,,UNKNOWN SIRE,,13,
209490774,,UK107189503507,N/A,HOLSTEIN FRIESIAN,Female,12/04/2020,UK107189202811,13/05/2020,0 yrs  1 mths,Newcastle University,,,,,05/02/2021,No,,,,,12,
209490775,,UK107189303491,N/A,HOLSTEIN FRIESIAN,Female,02/03/2020,UK106710102090,13/05/2020,0 yrs  2 mths,Newcastle University,,,,,05/02/2021,No,,,,,13,
209490776,,UK107189503493,N/A,HOLSTEIN FRIESIAN,Female,10/04/2020,UK106710102531,13/05/2020,0 yrs  1 mths,Newcastle University,,,,,05/02/2021,No,,,HOLSTEIN,,12,
209327021,3414,UK107189303414,N/A,HOLSTEIN FRIESIAN,Female,15/11/2019,UK107189402127,14/05/2020,0 yrs  6 mths,Newcastle University,,,,,22/06/2020,No,uk to UK,,HOLSTEIN,,17,
209327022,,UK107189703432,N/A,Swedish Red X,Female,29/12/2019,UK107189402680,14/05/2020,0 yrs  5 mths,Newcastle University,,,,,22/06/2020,No,uk to UK,,,,15,
209327020,3411,UK107189703411,N/A,HOLSTEIN FRIESIAN,Female,28/11/2019,UK107189101620,22/06/2020,0 yrs  7 mths,Newcastle University,,,,,22/06/2020,No,uk to UK,,WESTCOAST ALCOVE ET BLFBYFCNFCVFDPFRDF,,17,
209327023,,UK107189203455,N/A,HOLSTEIN FRIESIAN X,Female,02/01/2020,UK107189602633,22/06/2020,0 yrs  5 mths,Newcastle University,09/04/2021,31/377/0042 Nafferton Farm,,,22/06/2020,No,uk to UK,,WESTCOAST ALCOVE ET BLFBYFCNFCVFDPFRDF,,15,
209018655,2678,UK106710102678,N/A,HOLSTEIN FRIESIAN,Female,04/01/2018,UK106710601913,21/12/2020,2 yrs  11 mths,,08/06/2020,31/377/0042 Nafferton Farm,,,21/12/2020,No,,,,,29,
209018657,2681,UK106710402681,N/A,HOLSTEIN FRIESIAN,Female,09/01/2018,UK106710201853,21/12/2020,2 yrs  11 mths,,08/06/2020,31/377/0042 Nafferton Farm,,,21/12/2020,No,,,,,29,
209018667,2737,UK106710402737,N/A,HOLSTEIN FRIESIAN,Female,12/04/2018,UK106710602151,21/12/2020,2 yrs  8 mths,,21/12/2020,31/377/0042 Nafferton Farm,,,21/12/2020,No,,,,,32,
209018679,,UK107189402736,N/A,HOLSTEIN FRIESIAN X,Female,22/12/2016,UK107189501568,21/12/2020,4 yrs  0 mths,,21/12/2020,31/377/0042 Nafferton Farm,,,21/12/2020,No,,,,,48,
209500005,,UK107189203497,N/A,HOLSTEIN FRIESIAN,Female,02/04/2020,UK107189202888,16/02/2021,0 yrs  10 mths,Newcastle University,,,,,18/02/2021,No,,,,,12,
209500006,,UK107189203595,N/A,LONGHORN X,Female,10/11/2020,UK107189202076,16/02/2021,0 yrs  3 mths,Newcastle University,,,,,18/02/2021,No,,,CARREG SAINFOIN,,5,
209500007,,UK107189303519,N/A,HOLSTEIN FRIESIAN,Female,10/04/2020,UK106710502605,16/02/2021,0 yrs  10 mths,Newcastle University,,,,,18/02/2021,No,,,HOLSTEIN,,12,
209500008,,UK107189303533,N/A,HOLSTEIN FRIESIAN,Female,24/04/2020,UK106710502542,16/02/2021,0 yrs  10 mths,Newcastle University,,,,,18/02/2021,No,,,HOLSTEIN,,12,
209500009,,UK107189303589,N/A,BRITISH BLUE X,Bull,05/11/2020,UK106710702278,16/02/2021,0 yrs  3 mths,Newcastle University,,,,,18/02/2021,No,,,FERTILITY PLUS BBB (COGENT),,5,
209500010,,UK107189303596,N/A,BRITISH FRIESIAN X,Bull,15/11/2020,UK107189302812,16/02/2021,0 yrs  3 mths,Newcastle University,,,,,18/02/2021,No,,,HOLSTEIN,,5,
209500011,,UK 107189 303624,N/A,ABERDEEN ANGUS X,Bull,18/07/2020,UK107189602934,16/02/2021,0 yrs  7 mths,Newcastle University,,,,,18/02/2021,No,,,HOLSTEIN,,9,
209500012,,UK107189403527,N/A,HOLSTEIN FRIESIAN,Female,10/04/2020,UK107189302861,16/02/2021,0 yrs  10 mths,Newcastle University,,,,,18/02/2021,No,,,HOLSTEIN,,12,
209500013,,UK107189403590,N/A,LONGHORN X,Female,10/11/2020,UK106710701991,16/02/2021,0 yrs  3 mths,Newcastle University,,,,,18/02/2021,No,,,Carreg Superman,,5,
209500014,,UK107189403597,N/A,LONGHORN X,Female,15/11/2020,UK107189102488,16/02/2021,0 yrs  3 mths,Newcastle University,,,,,18/02/2021,No,,,HOLSTEIN,,5,
209500015,,UK107189503584,N/A,LONGHORN X,Bull,06/11/2020,UK107189702123,16/02/2021,0 yrs  3 mths,Newcastle University,,,,,18/02/2021,No,,,CARREG SAINFOIN,,5,
209500016,,UK107189603515,N/A,HOLSTEIN FRIESIAN,Female,15/04/2020,UK106710102615,16/02/2021,0 yrs  10 mths,Newcastle University,,,,,18/02/2021,No,,,,,12,
209500017,,UK107189603585,N/A,LONGHORN X,Female,06/11/2020,UK107189302875,16/02/2021,0 yrs  3 mths,Newcastle University,,,,,18/02/2021,No,,,,,5,
209500018,,UK107189603592,N/A,LONGHORN X,Bull,10/11/2020,UK107189401679,16/02/2021,0 yrs  3 mths,Newcastle University,,,,,18/02/2021,No,,,Carreg Superman,,5,
209500019,,UK107189603676,N/A,LONGHORN X,Female,20/09/2020,UK107189402946,16/02/2021,0 yrs  5 mths,Newcastle University,,,,,18/02/2021,No,,,,,7,
209500020,,UK107189403681,N/A,LONGHORN X,Bull,01/10/2020,UK106710502248,16/02/2021,0 yrs  4 mths,Newcastle University,,,,,18/02/2021,No,,,Carreg Superman,,6,
209500021,,UK107189403688,N/A,LONGHORN X,Bull,07/10/2020,UK107189202979,16/02/2021,0 yrs  4 mths,Newcastle University,,,,,18/02/2021,No,,,,,6,
209500022,,UK107189503570,N/A,LONGHORN X,Bull,27/10/2020,UK106710102580,16/02/2021,0 yrs  4 mths,Newcastle University,,,,,18/02/2021,No,,,,,5,
209500023,,UK107189503577,N/A,LONGHORN X,Female,01/11/2020,UK106710302134,16/02/2021,0 yrs  3 mths,Newcastle University,,,,,18/02/2021,No,,,CARREG SAINFOIN,,5,
209500024,,UK107189503633,N/A,LONGHORN X,Female,25/08/2020,UK107189602038,16/02/2021,0 yrs  6 mths,Newcastle University,,,,,18/02/2021,No,,,Carreg Superman,,7,
209500025,,UK107189503640,N/A,LONGHORN X,Female,30/08/2020,UK107189503010,16/02/2021,0 yrs  6 mths,Newcastle University,,,,,18/02/2021,No,,,,,7,
209500026,,UK107189503682,N/A,LONGHORN X,Female,01/10/2020,UK107189602878,16/02/2021,0 yrs  4 mths,Newcastle University,,,,,18/02/2021,No,,,,,6,
209500027,,UK107189503689,N/A,LONGHORN X,Female,07/10/2020,UK107189702536,16/02/2021,0 yrs  4 mths,Newcastle University,,,,,18/02/2021,No,,,CARREG SUPERMAN,,6,
209500028,,UK107189603557,N/A,ABERDEEN ANGUS X,Female,14/08/2020,UK106710302603,16/02/2021,0 yrs  6 mths,Newcastle University,,,,,18/02/2021,No,,,UNKNOWN SIRE,,8,
209500029,,UK107189603571,N/A,LONGHORN X,Bull,27/10/2020,UK106710102615,16/02/2021,0 yrs  4 mths,Newcastle University,,,,,18/02/2021,No,,,,,5,
209500030,,UK107189603578,N/A,LONGHORN X,Female,30/10/2020,UK107189202538,16/02/2021,0 yrs  4 mths,Newcastle University,,,,,18/02/2021,No,,,,,5,
209500031,,UK107189603641,N/A,Shorthorn,Bull,30/08/2020,UK106710402681,16/02/2021,0 yrs  6 mths,Newcastle University,,,,,18/02/2021,No,,,,,7,
209500032,,UK107189603655,N/A,LONGHORN X,Female,03/09/2020,UK107189102838,16/02/2021,0 yrs  5 mths,Newcastle University,,,,,18/02/2021,No,,,,,7,
209500033,,UK107189603683,N/A,LONGHORN X,Female,01/10/2020,UK106710602144,16/02/2021,0 yrs  4 mths,Newcastle University,,,,,18/02/2021,No,,,CARREG SUPERMAN,,6,
209500034,,UK107189703558,N/A,Longhorn,Female,23/08/2020,UK106710102069,16/02/2021,0 yrs  6 mths,Newcastle University,,,,,18/02/2021,No,,,Carreg Superman,,8,
209500035,,UK107189703572,N/A,ABERDEEN ANGUS X,Female,30/10/2020,UK106710402758,16/02/2021,0 yrs  4 mths,Newcastle University,,,,,18/02/2021,No,,,,,5,
209500036,,UK107189703579,N/A,LONGHORN X,Bull,30/10/2020,UK107189502863,16/02/2021,0 yrs  4 mths,Newcastle University,,,,,18/02/2021,No,,,,,5,
209500037,,UK107189703635,N/A,LONGHORN X,Bull,27/08/2020,UK106710602683,16/02/2021,0 yrs  6 mths,Newcastle University,,,,,18/02/2021,No,,,,,7,
209500038,,UK107189703642,N/A,ABERDEEN ANGUS X,Female,31/08/2020,UK107189402701,16/02/2021,0 yrs  6 mths,Newcastle University,,,,,18/02/2021,No,,,FERTILITY PLUS (CONFIRM SIRE AT BIRTH),,7,
209500039,,UK107189703663,N/A,LONGHORN X,Female,13/09/2020,UK107189402869,16/02/2021,0 yrs  5 mths,Newcastle University,,,,,18/02/2021,No,,,,,7,
209500040,,UK107189703677,N/A,LONGHORN X,Female,20/09/2020,UK107189402925,16/02/2021,0 yrs  5 mths,Newcastle University,,,,,18/02/2021,No,,,,,7,
209500041,,UK107189703684,N/A,LONGHORN X,Bull,02/10/2020,UK106710502220,16/02/2021,0 yrs  4 mths,Newcastle University,,,,,18/02/2021,No,,,CARREG SUPERMAN,,6,
209500042,,UK107189703691,N/A,LONGHORN X,Female,07/10/2020,UK106710302358,16/02/2021,0 yrs  4 mths,Newcastle University,,,,,18/02/2021,No,,,CARREG SAINFOIN,,6,
209500043,,UK107189203679,N/A,LONGHORN X,Female,01/10/2020,UK106710502451,16/02/2021,0 yrs  4 mths,Newcastle University,,,,,18/02/2021,No,,,Carreg Superman,,6,
209500044,,UK107189303568,N/A,ABERDEEN ANGUS X,Female,27/10/2020,UK106710702691,16/02/2021,0 yrs  4 mths,Newcastle University,,,,,18/02/2021,No,,,,,5,
209500045,,UK107189303575,N/A,LONGHORN X,Bull,01/11/2020,UK107189402127,16/02/2021,0 yrs  3 mths,Newcastle University,,,,,18/02/2021,No,,,CARREG SAINFOIN,,5,
209500046,,UK107189303582,N/A,LONGHORN X,Bull,02/11/2020,UK107189302483,16/02/2021,0 yrs  3 mths,Newcastle University,,,,,18/02/2021,No,,,Carreg Superman,,5,
209500047,,UK107189303631,N/A,LONGHORN X,Female,25/08/2020,UK107189602619,16/02/2021,0 yrs  6 mths,Newcastle University,,,,,18/02/2021,No,,,Carreg Superman,,7,
209500048,,UK107189303638,N/A,LONGHORN X,Female,27/08/2020,UK106710602697,16/02/2021,0 yrs  6 mths,Newcastle University,,,,,18/02/2021,No,,,,,7,
209500049,,UK107189303645,N/A,Shorthorn,Bull,31/08/2020,UK107189502926,16/02/2021,0 yrs  6 mths,Newcastle University,,,,,18/02/2021,No,,,,,7,
209500050,,UK107189303652,N/A,LONGHORN X,Bull,02/09/2020,UK107189102929,16/02/2021,0 yrs  5 mths,Newcastle University,,,,,18/02/2021,No,,,CARREG SUPERMAN,,7,
209500051,,UK107189303659,N/A,LONGHORN X,Female,04/09/2020,UK107189202937,16/02/2021,0 yrs  5 mths,Newcastle University,,,,,18/02/2021,No,Mothers Eartag,,CARREG SUPERMAN,,7,
209500052,,UK107189303673,N/A,LONGHORN X,Female,19/09/2020,UK107189402323,16/02/2021,0 yrs  5 mths,Newcastle University,,,,,18/02/2021,No,,,Carreg Superman,,7,
209500053,,UK107189303680,N/A,DAIRY SHORTHORN X,Bull,01/10/2020,UK107189602626,16/02/2021,0 yrs  4 mths,Newcastle University,,,,,18/02/2021,No,,,,,6,
209500054,,UK107189303687,N/A,HOLSTEIN FRIESIAN,Female,07/10/2020,UK106710102139,16/02/2021,0 yrs  4 mths,Newcastle University,,,,,18/02/2021,No,,,CARREG SUPERMAN,,6,
209500055,,UK107189403576,N/A,LONGHORN X,Bull,01/11/2020,UK107189402127,16/02/2021,0 yrs  3 mths,Newcastle University,,,,,18/02/2021,No,,,CARREG SAINFOIN,,5,
209500056,,UK107189403625,N/A,LONGHORN X,Bull,05/08/2020,UK107189702305,16/02/2021,0 yrs  6 mths,Newcastle University,,,,,18/02/2021,No,,,CARREG SUPERMAN,,8,
209500057,,UK107189403632,N/A,LONGHORN X,Female,25/08/2020,UK107189602486,16/02/2021,0 yrs  6 mths,Newcastle University,,,,,18/02/2021,No,,,CARREG SAINFOIN,,7,
209500058,,UK107189403646,N/A,LONGHORN X,Bull,31/08/2020,UK106710102517,16/02/2021,0 yrs  6 mths,Newcastle University,,,,,18/02/2021,No,,,CARREG SAINFOIN,,7,
209500059,,UK107189403653,N/A,LONGHORN X,Female,02/09/2020,UK106710602263,16/02/2021,0 yrs  5 mths,Newcastle University,,,,,18/02/2021,No,,,CARREG SUPERMAN,,7,
209500060,,UK107189403660,N/A,LONGHORN X,Female,04/09/2020,UK106710502269,16/02/2021,0 yrs  5 mths,Newcastle University,,,,,18/02/2021,No,,,CARREG SUPERMAN,,7,
209500061,,UK107189403674,N/A,LONGHORN X,Bull,19/09/2020,UK106710102482,16/02/2021,0 yrs  5 mths,Newcastle University,,,,,18/02/2021,No,,,,,7,
209500062,,UK107189103559,N/A,LONGHORN X,Female,23/08/2020,UK107189703026,16/02/2021,0 yrs  6 mths,Newcastle University,,,,,18/02/2021,No,,,,,8,
209500063,,UK107189103566,N/A,LONGHORN X,Bull,27/10/2020,UK106710102160,16/02/2021,0 yrs  4 mths,Newcastle University,,,,,18/02/2021,No,,,CARREG SUPERMAN,,5,
209500064,,UK107189103573,N/A,ABERDEEN ANGUS X,Bull,30/10/2020,UK107189302938,16/02/2021,0 yrs  4 mths,Newcastle University,,,,,18/02/2021,No,,,,,5,
209500065,,UK107189103580,N/A,LONGHORN X,Female,30/10/2020,UK107189202874,16/02/2021,0 yrs  4 mths,Newcastle University,,,,,18/02/2021,No,,,,,5,
209500066,,UK107189103629,N/A,LONGHORN X,Bull,24/08/2020,UK107189602871,16/02/2021,0 yrs  6 mths,Newcastle University,,,,,18/02/2021,No,,,,,8,
209500067,,UK107189103636,N/A,LONGHORN X,Female,27/08/2020,UK107189702900,16/02/2021,0 yrs  6 mths,Newcastle University,,,,,18/02/2021,No,,,,,7,
209500068,,UK107189103643,N/A,LONGHORN X,Bull,31/08/2020,UK106710302645,16/02/2021,0 yrs  6 mths,Newcastle University,,,,,18/02/2021,No,,,,,7,
209500069,,UK107189103657,N/A,LONGHORN X,Female,03/09/2020,UK107189602199,16/02/2021,0 yrs  5 mths,Newcastle University,,,,,18/02/2021,No,,,CARREG SUPERMAN,,7,
209500070,,UK107189103671,N/A,LONGHORN X,Bull,13/09/2020,UK107189102705,16/02/2021,0 yrs  5 mths,Newcastle University,,,,,18/02/2021,No,,,,,7,
209500071,,UK107189103685,N/A,LONGHORN X,Bull,02/10/2020,UK107189202426,16/02/2021,0 yrs  4 mths,Newcastle University,,,,,18/02/2021,No,,,,,6,
209500072,,UK107189203560,N/A,LONGHORN X,Female,24/08/2020,UK106710501891,16/02/2021,0 yrs  6 mths,Newcastle University,,,,,18/02/2021,No,,,Carreg Superman,,8,
209500073,,UK107189203567,N/A,LONGHORN X,Female,27/10/2020,UK106710202154,16/02/2021,0 yrs  4 mths,Newcastle University,,,24/02/2021,,18/02/2021,No,,,CARREG SUPERMAN,,4,
209500074,,UK107189203581,N/A,LONGHORN X,Female,30/10/2020,UK106710302169,16/02/2021,0 yrs  4 mths,Newcastle University,,,,,18/02/2021,No,,,Carreg Superman,,5,
209500075,,UK107189203630,N/A,LONGHORN X,Female,24/08/2020,UK107189102145,16/02/2021,0 yrs  6 mths,Newcastle University,,,,,18/02/2021,No,,,Carreg Superman,,8,
209500076,,UK107189203637,N/A,LONGHORN X,Bull,27/08/2020,UK106710202112,16/02/2021,0 yrs  6 mths,Newcastle University,,,,,18/02/2021,No,,,Carreg Superman,,7,
209500077,,UK107189203644,N/A,LONGHORN X,Bull,27/08/2020,UK107189702886,16/02/2021,0 yrs  6 mths,Newcastle University,,,,,18/02/2021,No,,,,,7,
209500078,,UK107189203672,N/A,LONGHORN X,Female,19/09/2020,UK106710402275,16/02/2021,0 yrs  5 mths,Newcastle University,,,,,18/02/2021,No,,,Carreg Superman,,7,
